address,image
28 Redondo St,http://mediall.rapmls.com/sfarmls/listingpics/bigphoto/063/456463.jpg?tsp=20170403110518
370 Stoneridge Ln,http://mediall.rapmls.com/sfarmls/listingpics/bigphoto/085/456285.jpg?tsp=20170330001608
8300 Oceanview Ter #205,http://mediall.rapmls.com/sfarmls/listingpics/bigphoto/053/456153.jpg?tsp=20170327112414
678 Moscow St,http://mediall.rapmls.com/sfarmls/listingpics/bigphoto/096/456396.jpg?tsp=20170331142750
1891 48th Ave,http://mediall.rapmls.com/sfarmls/listingpics/bigphoto/064/456464.jpg?tsp=20170403115929
104 Trumbull St,http://mediall.rapmls.com/sfarmls/listingpics/bigphoto/077/456277.jpg?tsp=20170330081230
215 Red Rock Way #J204,http://mediall.rapmls.com/sfarmls/listingpics/bigphoto/090/456290.jpg?tsp=20170330083907
875 La Playa St #383,http://mediall.rapmls.com/sfarmls/listingpics/bigphoto/048/456448.jpg?tsp=20170408130155
874 Silver Ave,http://mediall.rapmls.com/sfarmls/listingpics/bigphoto/013/455413.jpg?tsp=20170328082523
227 Panorama Dr,http://mediall.rapmls.com/sfarmls/listingpics/bigphoto/041/456241.jpg?tsp=20170329122610
167 Vienna St,http://mediall.rapmls.com/sfarmls/listingpics/bigphoto/058/456358.jpg?tsp=20170331002119
519 Garfield St,http://mediall.rapmls.com/sfarmls/listingpics/bigphoto/094/456394.jpg?tsp=20170401084216
2247 45th Ave,http://mediall.rapmls.com/sfarmls/listingpics/bigphoto/026/456126.jpg?tsp=20170330130629
1884 Bush St,http://mediall.rapmls.com/sfarmls/listingpics/bigphoto/089/456389.jpg?tsp=20170331155339
619 Haight St,http://mediall.rapmls.com/sfarmls/listingpics/bigphoto/069/456169.jpg?tsp=20170330014926
1215 Kirkham St,http://mediall.rapmls.com/sfarmls/listingpics/bigphoto/025/456125.jpg?tsp=20170403125507
50 Jerrold Ave #409,http://mediall.rapmls.com/sfarmls/listingpics/bigphoto/032/456232.jpg?tsp=20170328203152
1117 Alabama St #A,http://mediall.rapmls.com/sfarmls/listingpics/bigphoto/042/456142.jpg?tsp=20170327135214
20 Meadowbrook Dr,http://mediall.rapmls.com/sfarmls/listingpics/bigphoto/077/456177.jpg?tsp=20170331094526
887 47th Ave,http://mediall.rapmls.com/sfarmls/listingpics/bigphoto/030/456330.jpg?tsp=20170330160155
817 Masonic Ave #817,http://mediall.rapmls.com/sfarmls/listingpics/bigphoto/056/456456.jpg?tsp=20170403120116
1237 Chestnut St #5,http://mediall.rapmls.com/sfarmls/listingpics/bigphoto/030/456230.jpg?tsp=20170331172026
195 25th Ave #101,http://mediall.rapmls.com/sfarmls/listingpics/bigphoto/040/456240.jpg?tsp=20170331075550
192 Coleman St,http://mediall.rapmls.com/sfarmls/listingpics/bigphoto/033/456233.jpg?tsp=20170328205131
156 Guerrero St #101,http://mediall.rapmls.com/sfarmls/listingpics/bigphoto/052/456352.jpg?tsp=20170331003448
111 Monterey Blvd,http://mediall.rapmls.com/sfarmls/listingpics/bigphoto/009/456209.jpg?tsp=20170404095343
710 17th Ave,http://mediall.rapmls.com/sfarmls/listingpics/bigphoto/085/456385.jpg?tsp=20170331132625
701 Minna St #14,http://mediall.rapmls.com/sfarmls/listingpics/bigphoto/070/456170.jpg?tsp=20170331091122
2032 Ellis St,http://mediall.rapmls.com/sfarmls/listingpics/bigphoto/027/456327.jpg?tsp=20170403161747
88 King St #110,http://mediall.rapmls.com/sfarmls/listingpics/bigphoto/019/456319.jpg?tsp=20170330141903
10 Miller Pl #701,http://mediall.rapmls.com/sfarmls/listingpics/bigphoto/007/456307.jpg?tsp=20170330124222
2040 Sutter St #301,http://mediall.rapmls.com/sfarmls/listingpics/bigphoto/056/456156.jpg?tsp=20170327181231
401 Harrison St #7F,http://mediall.rapmls.com/sfarmls/listingpics/bigphoto/026/456226.jpg?tsp=20170328162803
1441 Jones St #304,http://mediall.rapmls.com/sfarmls/listingpics/bigphoto/060/456360.jpg?tsp=20170331085855
110 Channel St #102,http://mediall.rapmls.com/sfarmls/listingpics/bigphoto/028/456428.jpg?tsp=20170401170802
1000 3rd St #822,http://mediall.rapmls.com/sfarmls/listingpics/bigphoto/001/456401.jpg?tsp=20170331152057
1141 Church St,http://mediall.rapmls.com/sfarmls/listingpics/bigphoto/058/456158.jpg?tsp=20170329161502
1000 3rd St #403,http://mediall.rapmls.com/sfarmls/listingpics/bigphoto/004/456404.jpg?tsp=20170331154931
44 Valley St,http://mediall.rapmls.com/sfarmls/listingpics/bigphoto/063/456363.jpg?tsp=20170401071159
8-14 Cypress St,http://mediall.rapmls.com/sfarmls/listingpics/bigphoto/084/455884.jpg?tsp=20170405090434
584-586 Mississippi St,http://mediall.rapmls.com/sfarmls/listingpics/bigphoto/083/456483.jpg?tsp=20170403222523
1545 Pine St #209,http://mediall.rapmls.com/sfarmls/listingpics/bigphoto/000/456400.jpg?tsp=20170331145326
201 Folsom St #23E,http://mediall.rapmls.com/sfarmls/listingpics/bigphoto/089/456289.jpg?tsp=20170330082048
219 Brannan St #16K,http://mediall.rapmls.com/sfarmls/listingpics/bigphoto/015/456315.jpg?tsp=20170331143717
955 Wisconsin St,http://mediall.rapmls.com/sfarmls/listingpics/bigphoto/014/456414.jpg?tsp=20170401085126
2121 Webster St #308,http://mediall.rapmls.com/sfarmls/listingpics/bigphoto/008/456308.jpg?tsp=20170331114008
1251 Revere Ave,http://mediall.rapmls.com/sfarmls/listingpics/bigphoto/014/456214.jpg?tsp=20170328142309
613 La Salle Ave #68,http://mediall.rapmls.com/sfarmls/listingpics/bigphoto/041/456341.jpg?tsp=20170330165538
1622 Ingalls St,http://mediall.rapmls.com/sfarmls/listingpics/bigphoto/078/456378.jpg?tsp=20170331122439
1420 Webster St #2,http://mediall.rapmls.com/sfarmls/listingpics/bigphoto/088/456388.jpg?tsp=20170403140831
1879 Palou Ave,http://mediall.rapmls.com/sfarmls/listingpics/bigphoto/057/456457.jpg?tsp=20170403210402
109 Miramar Ave,http://mediall.rapmls.com/sfarmls/listingpics/bigphoto/022/456222.jpg?tsp=20170403102331
4451 Mission St #301,http://mediall.rapmls.com/sfarmls/listingpics/bigphoto/047/456447.jpg?tsp=20170403205213
75 Brighton Ave,http://mediall.rapmls.com/sfarmls/listingpics/bigphoto/062/456362.jpg?tsp=20170331075753
1941 48th Ave,http://mediall.rapmls.com/sfarmls/listingpics/bigphoto/082/456082.jpg?tsp=20170330123017
140 Ocean Ave,http://mediall.rapmls.com/sfarmls/listingpics/bigphoto/027/456427.jpg?tsp=20170401170643
215 Bradford St,http://mediall.rapmls.com/sfarmls/listingpics/bigphoto/036/456336.jpg?tsp=20170330163339
1523 41st Ave,http://mediall.rapmls.com/sfarmls/listingpics/bigphoto/096/456196.jpg?tsp=20170330181633
2574 44th Ave,http://mediall.rapmls.com/sfarmls/listingpics/bigphoto/041/456141.jpg?tsp=20170327110925
39 Brewster St,http://mediall.rapmls.com/sfarmls/listingpics/bigphoto/062/456062.jpg?tsp=20170330164234
144 Putnam St,http://mediall.rapmls.com/sfarmls/listingpics/bigphoto/057/456357.jpg?tsp=20170331091525
849 44th Ave,http://mediall.rapmls.com/sfarmls/listingpics/bigphoto/016/456316.jpg?tsp=20170331094938
476 Joost Ave,http://mediall.rapmls.com/sfarmls/listingpics/bigphoto/090/456190.jpg?tsp=20170406081722
1951 9th Ave,http://mediall.rapmls.com/sfarmls/listingpics/bigphoto/081/456081.jpg?tsp=20170330061459
2300 34th Ave,http://mediall.rapmls.com/sfarmls/listingpics/bigphoto/061/456461.jpg?tsp=20170403100805
29 Levant,http://mediall.rapmls.com/sfarmls/listingpics/bigphoto/029/456229.jpg?tsp=20170330093819
490 Joost Ave,http://mediall.rapmls.com/sfarmls/listingpics/bigphoto/091/456291.jpg?tsp=20170330164535
4045 Ocean Ave,http://mediall.rapmls.com/sfarmls/listingpics/bigphoto/093/456193.jpg?tsp=20170331125137
396 Guerrero St,http://mediall.rapmls.com/sfarmls/listingpics/bigphoto/077/456377.jpg?tsp=20170403115211
28 Winfield St,http://mediall.rapmls.com/sfarmls/listingpics/bigphoto/048/456148.jpg?tsp=20170331164632
2172 Fell St,http://mediall.rapmls.com/sfarmls/listingpics/bigphoto/097/456297.jpg?tsp=20170331130739
2125 Bryant St #308,http://mediall.rapmls.com/sfarmls/listingpics/bigphoto/047/456347.jpg?tsp=20170406094313
110 Montcalm St,http://mediall.rapmls.com/sfarmls/listingpics/bigphoto/038/456438.jpg?tsp=20170402080359
3583 Sacramento St,http://mediall.rapmls.com/sfarmls/listingpics/bigphoto/065/456165.jpg?tsp=20170331081240
152 Fairmount St,http://mediall.rapmls.com/sfarmls/listingpics/bigphoto/087/456287.jpg?tsp=20170330184610
148 Lower Ter,http://mediall.rapmls.com/sfarmls/listingpics/bigphoto/024/456224.jpg?tsp=20170330120538
2241 Sacramento St #5,http://mediall.rapmls.com/sfarmls/listingpics/bigphoto/060/455960.jpg?tsp=20170330140332
861 27th St,http://mediall.rapmls.com/sfarmls/listingpics/bigphoto/048/456348.jpg?tsp=20170331161007
225 Laguna St,http://mediall.rapmls.com/sfarmls/listingpics/bigphoto/046/456146.jpg?tsp=20170327093546
407 Missouri St,http://mediall.rapmls.com/sfarmls/listingpics/bigphoto/072/456272.jpg?tsp=20170330114000
221 Chenery St,http://mediall.rapmls.com/sfarmls/listingpics/bigphoto/053/456453.jpg?tsp=20170403002728
1450 Franklin St #1302,http://mediall.rapmls.com/sfarmls/listingpics/bigphoto/025/456425.jpg?tsp=20170401164519
2230 Bush St,http://mediall.rapmls.com/sfarmls/listingpics/bigphoto/047/456147.jpg?tsp=20170327093042
1070 Green St #1501,http://mediall.rapmls.com/sfarmls/listingpics/bigphoto/002/456402.jpg?tsp=20170403093250
301 Main St #37B,http://mediall.rapmls.com/sfarmls/listingpics/bigphoto/083/456383.jpg?tsp=20170331122741
131 Raymond Ave,http://mediall.rapmls.com/sfarmls/listingpics/bigphoto/006/456406.jpg?tsp=20170331161102
106-108 Sadowa St,http://mediall.rapmls.com/sfarmls/listingpics/bigphoto/021/456421.jpg?tsp=20170401013712
4 Richards Cir,http://mediall.rapmls.com/sfarmls/listingpics/bigphoto/076/456376.jpg?tsp=20170401103918
900 Girard St,http://mediall.rapmls.com/sfarmls/listingpics/bigphoto/036/456236.jpg?tsp=20170328214744
561 Hearst Ave,http://mediall.rapmls.com/sfarmls/listingpics/bigphoto/074/455674.jpg?tsp=20170402173801
801 Excelsior Ave,http://mediall.rapmls.com/sfarmls/listingpics/bigphoto/031/455531.jpg?tsp=20170331141427
190 Mary Teresa St #2,http://mediall.rapmls.com/sfarmls/listingpics/bigphoto/000/456100.jpg?tsp=20170328111958
148 16th Ave,http://mediall.rapmls.com/sfarmls/listingpics/bigphoto/074/456374.jpg?tsp=20170401165533
12 Garnett Ter,http://mediall.rapmls.com/sfarmls/listingpics/bigphoto/016/453316.jpg?tsp=20170104130415
451 Kansas St #328,http://mediall.rapmls.com/sfarmls/listingpics/bigphoto/042/452042.jpg?tsp=20161025213852
3912-3914 Cesar Chavez St,http://mediall.rapmls.com/sfarmls/listingpics/bigphoto/079/449779.jpg?tsp=20160914090034
55 Ora Way #308B,http://mediall.rapmls.com/sfarmls/listingpics/bigphoto/003/448703.jpg?tsp=20161228090644
888 7th St #207,http://mediall.rapmls.com/sfarmls/listingpics/bigphoto/061/450661.jpg?tsp=20160922022119
41 Kiska Rd,http://mediall.rapmls.com/sfarmls/listingpics/bigphoto/030/452730.jpg?tsp=20161118183407
2916 Arelious Walker Dr #6,http://mediall.rapmls.com/sfarmls/listingpics/bigphoto/051/453351.jpg?tsp=20170105122511
855 Folsom St #342,http://mediall.rapmls.com/sfarmls/listingpics/bigphoto/014/453014.jpg?tsp=20161207062853
270 Valencia St #401,http://mediall.rapmls.com/sfarmls/listingpics/bigphoto/089/452489.jpg?tsp=20161110130812
126 Dolphin Ct,http://mediall.rapmls.com/sfarmls/listingpics/bigphoto/022/451622.jpg?tsp=20170202133249
218 Grafton Ave,http://mediall.rapmls.com/sfarmls/listingpics/bigphoto/029/453629.jpg?tsp=20170113160148
1335 Laguna St #6,http://mediall.rapmls.com/sfarmls/listingpics/bigphoto/049/453349.jpg?tsp=20170105124054
212 Howth St,http://mediall.rapmls.com/sfarmls/listingpics/bigphoto/033/449633.jpg?tsp=20160908092340
1676 Wallace Ave,http://mediall.rapmls.com/sfarmls/listingpics/bigphoto/024/453124.jpg?tsp=20161223131510
205 Salinas Ave,http://mediall.rapmls.com/sfarmls/listingpics/bigphoto/098/452098.jpg?tsp=20161028001424
239 Arleta Ave,http://mediall.rapmls.com/sfarmls/listingpics/bigphoto/088/452488.jpg?tsp=20170215083557
1151 Plymouth Ave,http://mediall.rapmls.com/sfarmls/listingpics/bigphoto/045/452745.jpg?tsp=20161120175732
400 Alemany Blvd #1,http://mediall.rapmls.com/sfarmls/listingpics/bigphoto/045/450745.jpg?tsp=20160923100119
515 Delta St,http://mediall.rapmls.com/sfarmls/listingpics/bigphoto/017/452217.jpg?tsp=20161117044419
350 Athens St,http://mediall.rapmls.com/sfarmls/listingpics/bigphoto/069/453769.jpg?tsp=20170120122730
441 Rolph St,http://mediall.rapmls.com/sfarmls/listingpics/bigphoto/060/455260.jpg?tsp=20170306100356
5810 Mission St #304,http://mediall.rapmls.com/sfarmls/listingpics/bigphoto/040/455240.jpg?tsp=20170302100533
2108 Great Highway Hwy #3,http://mediall.rapmls.com/sfarmls/listingpics/bigphoto/036/452236.jpg?tsp=20161031145521
727 Andover St,http://mediall.rapmls.com/sfarmls/listingpics/bigphoto/059/453259.jpg?tsp=20170106084849
343 Stoneridge Ln #5203,http://mediall.rapmls.com/sfarmls/listingpics/bigphoto/083/452383.jpg?tsp=20161104101418
60 Mercury St,http://mediall.rapmls.com/sfarmls/listingpics/bigphoto/045/452945.jpg?tsp=20161202144904
1387 Goettingen,http://mediall.rapmls.com/sfarmls/listingpics/bigphoto/029/450929.jpg?tsp=20161007125400
2063 41st Ave,http://mediall.rapmls.com/sfarmls/listingpics/bigphoto/050/449850.jpg?tsp=20160908153716
27 Talbert St,http://mediall.rapmls.com/sfarmls/listingpics/bigphoto/098/440098.jpg?tsp=20160908091020
171 Ledyard St,http://mediall.rapmls.com/sfarmls/listingpics/bigphoto/077/456077.jpg?tsp=20170326100112
400 Alemany Blvd #19,http://mediall.rapmls.com/sfarmls/listingpics/bigphoto/057/449957.jpg?tsp=20160910174548
1436 Ingalls St,http://mediall.rapmls.com/sfarmls/listingpics/bigphoto/038/453638.jpg?tsp=20170116171400
218 Ordway St,http://mediall.rapmls.com/sfarmls/listingpics/bigphoto/072/453172.jpg?tsp=20170224085603
8200 Oceanview Ter #408,http://mediall.rapmls.com/sfarmls/listingpics/bigphoto/080/455580.jpg?tsp=20170310133735
130 Brazil Ave,http://mediall.rapmls.com/sfarmls/listingpics/bigphoto/018/453718.jpg?tsp=20170121104949
208 N Lake Merced Hls #1A,http://mediall.rapmls.com/sfarmls/listingpics/bigphoto/031/448231.jpg?tsp=20160915165349
3981 Alemany Blvd #209,http://mediall.rapmls.com/sfarmls/listingpics/bigphoto/082/451582.jpg?tsp=20161014082546
3981 Alemany Blvd #110,http://mediall.rapmls.com/sfarmls/listingpics/bigphoto/099/455499.jpg?tsp=20170309063238
301 Crescent Ct #3216,http://mediall.rapmls.com/sfarmls/listingpics/bigphoto/024/454524.jpg?tsp=20170210081154
135 Farallones St,http://mediall.rapmls.com/sfarmls/listingpics/bigphoto/088/455588.jpg?tsp=20170327114950
840 Potrero Ave,http://mediall.rapmls.com/sfarmls/listingpics/bigphoto/021/449421.jpg?tsp=20160825121005
20 Drake St,http://mediall.rapmls.com/sfarmls/listingpics/bigphoto/022/453522.jpg?tsp=20170209143158
8100 Oceanview Ter #204,http://mediall.rapmls.com/sfarmls/listingpics/bigphoto/003/451403.jpg?tsp=20161007135640
124 Majestic Ave,http://mediall.rapmls.com/sfarmls/listingpics/bigphoto/066/451966.jpg?tsp=20161029103551
157 A St,http://mediall.rapmls.com/sfarmls/listingpics/bigphoto/045/453245.jpg?tsp=20170105092246
501 Crescent Way #5310,http://mediall.rapmls.com/sfarmls/listingpics/bigphoto/050/449950.jpg?tsp=20160930174256
1211 Bowdoin St,http://mediall.rapmls.com/sfarmls/listingpics/bigphoto/015/455115.jpg?tsp=20170308073602
501 Crescent Way #5212,http://mediall.rapmls.com/sfarmls/listingpics/bigphoto/061/455461.jpg?tsp=20170330102522
301 Crescent Ct #3116,http://mediall.rapmls.com/sfarmls/listingpics/bigphoto/015/451615.jpg?tsp=20161014140509
201 Pope St,http://mediall.rapmls.com/sfarmls/listingpics/bigphoto/069/452069.jpg?tsp=20161031090900
162 Stoneridge Ln #1207,http://mediall.rapmls.com/sfarmls/listingpics/bigphoto/064/455364.jpg?tsp=20170306143249
98 Reddy St,http://mediall.rapmls.com/sfarmls/listingpics/bigphoto/063/452763.jpg?tsp=20161123093312
5800 3rd St #1407,http://mediall.rapmls.com/sfarmls/listingpics/bigphoto/041/450441.jpg?tsp=20161006145601
924 Dwight St,http://mediall.rapmls.com/sfarmls/listingpics/bigphoto/004/452804.jpg?tsp=20161125135715
1 Crescent Way #1107,http://mediall.rapmls.com/sfarmls/listingpics/bigphoto/067/449167.jpg?tsp=20160825115219
1435-1437 Revere Ave,http://mediall.rapmls.com/sfarmls/listingpics/bigphoto/041/455141.jpg?tsp=20170301221737
1914 34th Ave,http://mediall.rapmls.com/sfarmls/listingpics/bigphoto/032/451732.jpg?tsp=20161017143218
537 Moultrie St,http://mediall.rapmls.com/sfarmls/listingpics/bigphoto/045/455245.jpg?tsp=20170302113006
2414 47th Ave,http://mediall.rapmls.com/sfarmls/listingpics/bigphoto/006/450306.jpg?tsp=20160914064646
5122-A Diamond Heights Blvd #A,http://mediall.rapmls.com/sfarmls/listingpics/bigphoto/070/449970.jpg?tsp=20160916121533
131 Naglee Ave,http://mediall.rapmls.com/sfarmls/listingpics/bigphoto/039/452339.jpg?tsp=20161103124816
1488 Harrison St #101,http://mediall.rapmls.com/sfarmls/listingpics/bigphoto/001/452701.jpg?tsp=20161118074659
1862 Ellis St #A,http://mediall.rapmls.com/sfarmls/listingpics/bigphoto/053/453753.jpg?tsp=20170123210213
43 Winding Way,http://mediall.rapmls.com/sfarmls/listingpics/bigphoto/004/451404.jpg?tsp=20161007122326
574 26th Ave #2,http://mediall.rapmls.com/sfarmls/listingpics/bigphoto/036/451536.jpg?tsp=20161014081701
1285 Fitzgerald,http://mediall.rapmls.com/sfarmls/listingpics/bigphoto/046/451046.jpg?tsp=20170117175901
427 Randolph St,http://mediall.rapmls.com/sfarmls/listingpics/bigphoto/006/450106.jpg?tsp=20160920055703
287 Thrift St,http://mediall.rapmls.com/sfarmls/listingpics/bigphoto/046/450046.jpg?tsp=20160908144105
615 Sargent St,http://mediall.rapmls.com/sfarmls/listingpics/bigphoto/023/450023.jpg?tsp=20160910073923
954 Key Ave,http://mediall.rapmls.com/sfarmls/listingpics/bigphoto/090/450590.jpg?tsp=20161027184011
323 Orizaba Ave,http://mediall.rapmls.com/sfarmls/listingpics/bigphoto/079/449679.jpg?tsp=20161128164128
285 Bridgeview,http://mediall.rapmls.com/sfarmls/listingpics/bigphoto/061/449661.jpg?tsp=20161014114740
900 Somerset St,http://mediall.rapmls.com/sfarmls/listingpics/bigphoto/014/455114.jpg?tsp=20170324174930
624 Brussels St,http://mediall.rapmls.com/sfarmls/listingpics/bigphoto/034/452834.jpg?tsp=20161208110511
16 Tioga Ave,http://mediall.rapmls.com/sfarmls/listingpics/bigphoto/003/450303.jpg?tsp=20160914160213
31 Maddux Ave,http://mediall.rapmls.com/sfarmls/listingpics/bigphoto/067/455867.jpg?tsp=20170318075802
227 Garfield St,http://mediall.rapmls.com/sfarmls/listingpics/bigphoto/060/449560.jpg?tsp=20160901084015
3431 Mission St #4,http://mediall.rapmls.com/sfarmls/listingpics/bigphoto/031/450231.jpg?tsp=20160915115959
227 Randolph St,http://mediall.rapmls.com/sfarmls/listingpics/bigphoto/047/449947.jpg?tsp=20160908114529
5800 3rd St,http://mediall.rapmls.com/sfarmls/listingpics/bigphoto/020/451020.jpg?tsp=20161006163138
5800 3rd St #1212,http://mediall.rapmls.com/sfarmls/listingpics/bigphoto/058/454258.jpg?tsp=20170213105036
116 Caine Ave,http://mediall.rapmls.com/sfarmls/listingpics/bigphoto/052/451552.jpg?tsp=20161012142335
194 Gaven St,http://mediall.rapmls.com/sfarmls/listingpics/bigphoto/075/450375.jpg?tsp=20160915231544
38 Grafton Ave,http://mediall.rapmls.com/sfarmls/listingpics/bigphoto/035/455435.jpg?tsp=20170308150939
2686 44th Ave,http://mediall.rapmls.com/sfarmls/listingpics/bigphoto/004/452104.jpg?tsp=20161102112831
307 Page St #1,http://mediall.rapmls.com/sfarmls/listingpics/bigphoto/026/449226.jpg?tsp=20160915115349
419 Lakeview Ave,http://mediall.rapmls.com/sfarmls/listingpics/bigphoto/095/450695.jpg?tsp=20160923202618
5108 Diamond Heights #A,http://mediall.rapmls.com/sfarmls/listingpics/bigphoto/040/455740.jpg?tsp=20170317092415
10 Harris Pl,http://mediall.rapmls.com/sfarmls/listingpics/bigphoto/044/455744.jpg?tsp=20170320150159
536 27th St #2,http://mediall.rapmls.com/sfarmls/listingpics/bigphoto/064/453764.jpg?tsp=20170302102339
1490 45th Ave,http://mediall.rapmls.com/sfarmls/listingpics/bigphoto/012/453312.jpg?tsp=20170114104455
1405 34th Ave,http://mediall.rapmls.com/sfarmls/listingpics/bigphoto/064/454464.jpg?tsp=20170209001636
32 Perego Ter,http://mediall.rapmls.com/sfarmls/listingpics/bigphoto/038/454138.jpg?tsp=20170202083607
902 Corbett Ave #4,http://mediall.rapmls.com/sfarmls/listingpics/bigphoto/054/453054.jpg?tsp=20161209072351
300 Baltimore Way,http://mediall.rapmls.com/sfarmls/listingpics/bigphoto/048/455148.jpg?tsp=20170304190740
2685 Pine,http://mediall.rapmls.com/sfarmls/listingpics/bigphoto/054/451954.jpg?tsp=20161031075726
75 Dichiera Ct,http://mediall.rapmls.com/sfarmls/listingpics/bigphoto/056/444256.jpg?tsp=20170206082947
182 Galewood Cir,http://mediall.rapmls.com/sfarmls/listingpics/bigphoto/015/450215.jpg?tsp=20160912110919
601 Van Ness Ave #525,http://mediall.rapmls.com/sfarmls/listingpics/bigphoto/065/456065.jpg?tsp=20170324111516
287 Monterey Blvd,http://mediall.rapmls.com/sfarmls/listingpics/bigphoto/003/450803.jpg?tsp=20160923140451
2 Colby St,http://mediall.rapmls.com/sfarmls/listingpics/bigphoto/055/455955.jpg?tsp=20170324002039
2189 Market St #7,http://mediall.rapmls.com/sfarmls/listingpics/bigphoto/093/456093.jpg?tsp=20170324124517
717 Rolph St,http://mediall.rapmls.com/sfarmls/listingpics/bigphoto/067/455767.jpg?tsp=20170316095703
610 26th Ave,http://mediall.rapmls.com/sfarmls/listingpics/bigphoto/000/451500.jpg?tsp=20161108184211
1080 Sutter St #503,http://mediall.rapmls.com/sfarmls/listingpics/bigphoto/028/452528.jpg?tsp=20161110141837
880 Silver Ave,http://mediall.rapmls.com/sfarmls/listingpics/bigphoto/035/452635.jpg?tsp=20161118125729
101-101 Cleo Rand,http://mediall.rapmls.com/sfarmls/listingpics/bigphoto/013/452813.jpg?tsp=20161126155126
155 Harriet St #9,http://mediall.rapmls.com/sfarmls/listingpics/bigphoto/077/452877.jpg?tsp=20161221160038
555 Athens St,http://mediall.rapmls.com/sfarmls/listingpics/bigphoto/013/450813.jpg?tsp=20161230202254
875 Vermont St #203,http://mediall.rapmls.com/sfarmls/listingpics/bigphoto/023/453623.jpg?tsp=20170316200602
1462 Newcomb Ave,http://mediall.rapmls.com/sfarmls/listingpics/bigphoto/069/453369.jpg?tsp=20170117140713
1929 48th Ave,http://mediall.rapmls.com/sfarmls/listingpics/bigphoto/008/453408.jpg?tsp=20170120104818
351 Niagara,http://mediall.rapmls.com/sfarmls/listingpics/bigphoto/042/453942.jpg?tsp=20170127121129
563 Munich St,http://mediall.rapmls.com/sfarmls/listingpics/bigphoto/026/454226.jpg?tsp=20170202094124
122 Venus St,http://mediall.rapmls.com/sfarmls/listingpics/bigphoto/055/454355.jpg?tsp=20170206141630
834 Arkansas St #3,http://mediall.rapmls.com/sfarmls/listingpics/bigphoto/075/454375.jpg?tsp=20170207001851
262 Frederick St #1,http://mediall.rapmls.com/sfarmls/listingpics/bigphoto/030/454430.jpg?tsp=20170208145713
2212-A 23rd St,http://mediall.rapmls.com/sfarmls/listingpics/bigphoto/014/454414.jpg?tsp=20170209180100
312 Bowdoin St,http://mediall.rapmls.com/sfarmls/listingpics/bigphoto/014/454514.jpg?tsp=20170315135156
2401 44th Ave #5,http://mediall.rapmls.com/sfarmls/listingpics/bigphoto/001/453301.jpg?tsp=20170301104435
1018 Hollister Ave,http://mediall.rapmls.com/sfarmls/listingpics/bigphoto/011/451311.jpg?tsp=20161006092255
1415 Eddy St,http://mediall.rapmls.com/sfarmls/listingpics/bigphoto/094/454894.jpg?tsp=20170306103742
3319 Lawton St,http://mediall.rapmls.com/sfarmls/listingpics/bigphoto/074/455974.jpg?tsp=20170323001921
254 Pope St,http://mediall.rapmls.com/sfarmls/listingpics/bigphoto/019/452019.jpg?tsp=20161103122650
2262 42nd Ave,http://mediall.rapmls.com/sfarmls/listingpics/bigphoto/023/450623.jpg?tsp=20161109154219
422 Bright St,http://mediall.rapmls.com/sfarmls/listingpics/bigphoto/083/451083.jpg?tsp=20160929215935
350 Ralston St,http://mediall.rapmls.com/sfarmls/listingpics/bigphoto/097/450197.jpg?tsp=20160913190714
195 Maynard St,http://mediall.rapmls.com/sfarmls/listingpics/bigphoto/050/450250.jpg?tsp=20160915103438
1587 15th St #201,http://mediall.rapmls.com/sfarmls/listingpics/bigphoto/090/450690.jpg?tsp=20160921182127
2444 15th St,http://mediall.rapmls.com/sfarmls/listingpics/bigphoto/002/450602.jpg?tsp=20160922111400
1 Putnam St,http://mediall.rapmls.com/sfarmls/listingpics/bigphoto/053/449553.jpg?tsp=20160901203107
6 Mint Plz #703A,http://mediall.rapmls.com/sfarmls/listingpics/bigphoto/005/449505.jpg?tsp=20160825205241
4378 17th St #A,http://mediall.rapmls.com/sfarmls/listingpics/bigphoto/070/451170.jpg?tsp=20161017135812
250 Circular Ave,http://mediall.rapmls.com/sfarmls/listingpics/bigphoto/005/453605.jpg?tsp=20170317121357
990 Randolph St,http://mediall.rapmls.com/sfarmls/listingpics/bigphoto/021/453821.jpg?tsp=20170120123547
3270 Market St,http://mediall.rapmls.com/sfarmls/listingpics/bigphoto/072/449572.jpg?tsp=20160829173034
97 Lapham Way,http://mediall.rapmls.com/sfarmls/listingpics/bigphoto/058/455858.jpg?tsp=20170320113901
2226 Ortega St,http://mediall.rapmls.com/sfarmls/listingpics/bigphoto/025/451125.jpg?tsp=20161006123915
75 Roosevelt Way #2,http://mediall.rapmls.com/sfarmls/listingpics/bigphoto/000/453200.jpg?tsp=20170105181956
900 Bush #1008,http://mediall.rapmls.com/sfarmls/listingpics/bigphoto/047/453147.jpg?tsp=20170110105605
1500 25th Ave,http://mediall.rapmls.com/sfarmls/listingpics/bigphoto/049/451549.jpg?tsp=20161019143823
3030 Anza St,http://mediall.rapmls.com/sfarmls/listingpics/bigphoto/044/455344.jpg?tsp=20170304110801
781 Athens St,http://mediall.rapmls.com/sfarmls/listingpics/bigphoto/066/449866.jpg?tsp=20160906150034
76 Mangels Ave,http://mediall.rapmls.com/sfarmls/listingpics/bigphoto/035/454235.jpg?tsp=20170202130915
8 Montezuma St,http://mediall.rapmls.com/sfarmls/listingpics/bigphoto/046/455846.jpg?tsp=20170317134632
2075 Bancroft Ave,http://mediall.rapmls.com/sfarmls/listingpics/bigphoto/098/452498.jpg?tsp=20161110130324
64 Sussex St,http://mediall.rapmls.com/sfarmls/listingpics/bigphoto/006/452606.jpg?tsp=20161129174807
53 Edinburgh St,http://mediall.rapmls.com/sfarmls/listingpics/bigphoto/033/453433.jpg?tsp=20170109095143
2786 39th Ave,http://mediall.rapmls.com/sfarmls/listingpics/bigphoto/051/451151.jpg?tsp=20161006130723
90 Aquavista Way,http://mediall.rapmls.com/sfarmls/listingpics/bigphoto/081/450681.jpg?tsp=20161004161804
1153 Leavenworth St,http://mediall.rapmls.com/sfarmls/listingpics/bigphoto/094/449594.jpg?tsp=20160915102359
456 Princeton St,http://mediall.rapmls.com/sfarmls/listingpics/bigphoto/005/448305.jpg?tsp=20160908154652
1036 Potrero Ave #6,http://mediall.rapmls.com/sfarmls/listingpics/bigphoto/081/452081.jpg?tsp=20161201093257
720 Gough #41,http://mediall.rapmls.com/sfarmls/listingpics/bigphoto/053/455753.jpg?tsp=20170316205957
240 Sussex St,http://mediall.rapmls.com/sfarmls/listingpics/bigphoto/096/452596.jpg?tsp=20161117141051
76 Bronte St,http://mediall.rapmls.com/sfarmls/listingpics/bigphoto/044/450244.jpg?tsp=20160930211530
24 Lawrence Ave,http://mediall.rapmls.com/sfarmls/listingpics/bigphoto/029/451429.jpg?tsp=20161007211838
1734 Bay St #106,http://mediall.rapmls.com/sfarmls/listingpics/bigphoto/007/450307.jpg?tsp=20160914083801
1201-1203 45th Ave #1203,http://mediall.rapmls.com/sfarmls/listingpics/bigphoto/018/450518.jpg?tsp=20160923104200
1273 Rhode Island St,http://mediall.rapmls.com/sfarmls/listingpics/bigphoto/048/452248.jpg?tsp=20161104012657
674 Joost Ave,http://mediall.rapmls.com/sfarmls/listingpics/bigphoto/043/450443.jpg?tsp=20160916132136
563 Minna St #1,http://mediall.rapmls.com/sfarmls/listingpics/bigphoto/070/448370.jpg?tsp=20160722095059
276 Friedell,http://mediall.rapmls.com/sfarmls/listingpics/bigphoto/045/455145.jpg?tsp=20170302001844
2317 31st Ave,http://mediall.rapmls.com/sfarmls/listingpics/bigphoto/057/454757.jpg?tsp=20170324200707
89 Westwood Dr,http://mediall.rapmls.com/sfarmls/listingpics/bigphoto/095/452795.jpg?tsp=20161124083137
180 7th St #301,http://mediall.rapmls.com/sfarmls/listingpics/bigphoto/017/450217.jpg?tsp=20160912093557
4161 23rd St,http://mediall.rapmls.com/sfarmls/listingpics/bigphoto/048/451348.jpg?tsp=20161007135734
1338 48th Ave,http://mediall.rapmls.com/sfarmls/listingpics/bigphoto/062/450162.jpg?tsp=20160910064653
620 Prentiss St,http://mediall.rapmls.com/sfarmls/listingpics/bigphoto/033/453233.jpg?tsp=20170103103612
539 Los Palmos Dr,http://mediall.rapmls.com/sfarmls/listingpics/bigphoto/024/450524.jpg?tsp=20160917213601
112 Russ St,http://mediall.rapmls.com/sfarmls/listingpics/bigphoto/066/453466.jpg?tsp=20170309184456
236 Shipley St #304,http://mediall.rapmls.com/sfarmls/listingpics/bigphoto/027/450027.jpg?tsp=20161101110147
70 Tingley St,http://mediall.rapmls.com/sfarmls/listingpics/bigphoto/088/454088.jpg?tsp=20170303131451
616 20th St #510,http://mediall.rapmls.com/sfarmls/listingpics/bigphoto/036/454236.jpg?tsp=20170202130613
946 Stockton St #6B,http://mediall.rapmls.com/sfarmls/listingpics/bigphoto/030/453030.jpg?tsp=20161215102410
1711 19th Ave,http://mediall.rapmls.com/sfarmls/listingpics/bigphoto/024/453924.jpg?tsp=20170129175727
2259 44th Ave,http://mediall.rapmls.com/sfarmls/listingpics/bigphoto/067/454467.jpg?tsp=20170209124929
5 Sunview Dr,http://mediall.rapmls.com/sfarmls/listingpics/bigphoto/083/456083.jpg?tsp=20170324130606
601 Van Ness Ave #8,http://mediall.rapmls.com/sfarmls/listingpics/bigphoto/046/455246.jpg?tsp=20170302110413
148 Cuvier St,http://mediall.rapmls.com/sfarmls/listingpics/bigphoto/084/452184.jpg?tsp=20161102170259
1 Crescent Way #1109,http://mediall.rapmls.com/sfarmls/listingpics/bigphoto/000/453900.jpg?tsp=20170126184758
218 Justin Dr,http://mediall.rapmls.com/sfarmls/listingpics/bigphoto/023/452223.jpg?tsp=20161031110444
1846 38th Ave,http://mediall.rapmls.com/sfarmls/listingpics/bigphoto/015/455015.jpg?tsp=20170224105147
945 Capp St #4,http://mediall.rapmls.com/sfarmls/listingpics/bigphoto/000/454500.jpg?tsp=20170209150012
1655 48th Ave,http://mediall.rapmls.com/sfarmls/listingpics/bigphoto/054/452254.jpg?tsp=20161116144443
375 Prentiss St,http://mediall.rapmls.com/sfarmls/listingpics/bigphoto/005/452305.jpg?tsp=20170221110706
2628 Sutter St #A,http://mediall.rapmls.com/sfarmls/listingpics/bigphoto/058/453158.jpg?tsp=20170118164636
145 Gardenside Dr #9,http://mediall.rapmls.com/sfarmls/listingpics/bigphoto/040/453740.jpg?tsp=20170123145850
920 Baker St #A,http://mediall.rapmls.com/sfarmls/listingpics/bigphoto/011/453811.jpg?tsp=20170301110549
1463 19th Ave,http://mediall.rapmls.com/sfarmls/listingpics/bigphoto/036/453736.jpg?tsp=20170202153826
26 Staples Ave,http://mediall.rapmls.com/sfarmls/listingpics/bigphoto/012/454512.jpg?tsp=20170209170126
1835 Franklin St #602,http://mediall.rapmls.com/sfarmls/listingpics/bigphoto/005/451305.jpg?tsp=20161006093809
3184 Mission St #304,http://mediall.rapmls.com/sfarmls/listingpics/bigphoto/056/451656.jpg?tsp=20161014113728
1425 43rd Ave,http://mediall.rapmls.com/sfarmls/listingpics/bigphoto/077/451577.jpg?tsp=20161014093915
15 Sunview Dr,http://mediall.rapmls.com/sfarmls/listingpics/bigphoto/019/455719.jpg?tsp=20170317094035
155 Lexington St,http://mediall.rapmls.com/sfarmls/listingpics/bigphoto/009/455309.jpg?tsp=20170303110945
3839 Folsom St,http://mediall.rapmls.com/sfarmls/listingpics/bigphoto/061/455361.jpg?tsp=20170305150115
430 Hayes #201,http://mediall.rapmls.com/sfarmls/listingpics/bigphoto/080/451380.jpg?tsp=20161019170436
388 Fulton St #205,http://mediall.rapmls.com/sfarmls/listingpics/bigphoto/009/450409.jpg?tsp=20161025151221
2512 23rd Ave,http://mediall.rapmls.com/sfarmls/listingpics/bigphoto/017/450017.jpg?tsp=20160908155754
140 South Van Ness Ave #1022,http://mediall.rapmls.com/sfarmls/listingpics/bigphoto/085/450485.jpg?tsp=20161007153433
921-A Florida St,http://mediall.rapmls.com/sfarmls/listingpics/bigphoto/068/449668.jpg?tsp=20160906103507
319 Naples St,http://mediall.rapmls.com/sfarmls/listingpics/bigphoto/042/449442.jpg?tsp=20160914144535
1119 Cayuga Ave,http://mediall.rapmls.com/sfarmls/listingpics/bigphoto/049/449649.jpg?tsp=20160831154144
1463 40th Ave,http://mediall.rapmls.com/sfarmls/listingpics/bigphoto/053/454653.jpg?tsp=20170309103631
789 Buena Vista Ave #202,http://mediall.rapmls.com/sfarmls/listingpics/bigphoto/038/451038.jpg?tsp=20161005122642
166 Park St,http://mediall.rapmls.com/sfarmls/listingpics/bigphoto/008/451208.jpg?tsp=20161003161452
1200 Gough St #7A,http://mediall.rapmls.com/sfarmls/listingpics/bigphoto/044/452244.jpg?tsp=20161108133029
3133 Taraval St,http://mediall.rapmls.com/sfarmls/listingpics/bigphoto/062/451162.jpg?tsp=20161001143004
317 29th St #303,http://mediall.rapmls.com/sfarmls/listingpics/bigphoto/000/448800.jpg?tsp=20160819145204
236 Shipley St #202,http://mediall.rapmls.com/sfarmls/listingpics/bigphoto/008/452608.jpg?tsp=20161112123019
601 Van Ness Ave #105,http://mediall.rapmls.com/sfarmls/listingpics/bigphoto/006/452406.jpg?tsp=20161104174652
972 Plymouth Ave,http://mediall.rapmls.com/sfarmls/listingpics/bigphoto/054/450654.jpg?tsp=20161120094045
1539 24th Ave,http://mediall.rapmls.com/sfarmls/listingpics/bigphoto/019/450319.jpg?tsp=20160925193140
260 King St #671,http://mediall.rapmls.com/sfarmls/listingpics/bigphoto/056/449956.jpg?tsp=20160907182043
1299 Bush St #403,http://mediall.rapmls.com/sfarmls/listingpics/bigphoto/054/449054.jpg?tsp=20160812114040
431 Gates St,http://mediall.rapmls.com/sfarmls/listingpics/bigphoto/003/449303.jpg?tsp=20160929093059
98 Mullen Ave,http://mediall.rapmls.com/sfarmls/listingpics/bigphoto/001/449301.jpg?tsp=20160910105812
1708 Fulton St,http://mediall.rapmls.com/sfarmls/listingpics/bigphoto/091/449791.jpg?tsp=20160904141119
155 Gardenside Dr #35,http://mediall.rapmls.com/sfarmls/listingpics/bigphoto/043/451343.jpg?tsp=20161009200321
1651 24th Ave,http://mediall.rapmls.com/sfarmls/listingpics/bigphoto/080/449680.jpg?tsp=20160901095208
350 Broderick St #304,http://mediall.rapmls.com/sfarmls/listingpics/bigphoto/020/448920.jpg?tsp=20160809231406
388 Fulton St #302,http://mediall.rapmls.com/sfarmls/listingpics/bigphoto/057/452057.jpg?tsp=20161026102458
53 Stillings Ave,http://mediall.rapmls.com/sfarmls/listingpics/bigphoto/080/451580.jpg?tsp=20161014121805
140 South Van Ness Ave #840,http://mediall.rapmls.com/sfarmls/listingpics/bigphoto/033/452233.jpg?tsp=20161104093929
1158 Sutter St #10,http://mediall.rapmls.com/sfarmls/listingpics/bigphoto/045/452845.jpg?tsp=20161202093043
441 Myra Way,http://mediall.rapmls.com/sfarmls/listingpics/bigphoto/083/451283.jpg?tsp=20161007091752
308 Sanchez St,http://mediall.rapmls.com/sfarmls/listingpics/bigphoto/084/455484.jpg?tsp=20170310171555
191 Sussex St,http://mediall.rapmls.com/sfarmls/listingpics/bigphoto/069/450469.jpg?tsp=20160916100719
148 Cole St,http://mediall.rapmls.com/sfarmls/listingpics/bigphoto/051/450551.jpg?tsp=20160920082357
829 Balboa St,http://mediall.rapmls.com/sfarmls/listingpics/bigphoto/092/449692.jpg?tsp=20160901125533
273 Chattanooga St,http://mediall.rapmls.com/sfarmls/listingpics/bigphoto/004/451004.jpg?tsp=20160928201832
1680 Lombard St ##2,http://mediall.rapmls.com/sfarmls/listingpics/bigphoto/007/449907.jpg?tsp=20161207155313
1587 15th St #401,http://mediall.rapmls.com/sfarmls/listingpics/bigphoto/067/453567.jpg?tsp=20170113111145
1725 Noe St,http://mediall.rapmls.com/sfarmls/listingpics/bigphoto/089/454289.jpg?tsp=20170209130645
2350 25th Ave,http://mediall.rapmls.com/sfarmls/listingpics/bigphoto/046/450346.jpg?tsp=20160914165904
267 Ulloa St,http://mediall.rapmls.com/sfarmls/listingpics/bigphoto/090/450490.jpg?tsp=20160917191347
1063 Capitol Ave #29,http://mediall.rapmls.com/sfarmls/listingpics/bigphoto/030/453130.jpg?tsp=20161216134800
1595 Thomas St,http://mediall.rapmls.com/sfarmls/listingpics/bigphoto/041/451341.jpg?tsp=20161006140305
1700 Lawton St,http://mediall.rapmls.com/sfarmls/listingpics/bigphoto/062/450662.jpg?tsp=20160923085523
140 South Van Ness Ave #522,http://mediall.rapmls.com/sfarmls/listingpics/bigphoto/078/451678.jpg?tsp=20161020151641
388 Fulton St #413,http://mediall.rapmls.com/sfarmls/listingpics/bigphoto/061/450961.jpg?tsp=20160928104223
200 Portola Dr #102,http://mediall.rapmls.com/sfarmls/listingpics/bigphoto/065/452765.jpg?tsp=20161218111145
388 Fulton St #511,http://mediall.rapmls.com/sfarmls/listingpics/bigphoto/064/450964.jpg?tsp=20161101151048
205 Mullen Ave,http://mediall.rapmls.com/sfarmls/listingpics/bigphoto/096/450096.jpg?tsp=20160914180406
792 19th Ave,http://mediall.rapmls.com/sfarmls/listingpics/bigphoto/030/453430.jpg?tsp=20170111124306
463 Huron Ave,http://mediall.rapmls.com/sfarmls/listingpics/bigphoto/019/454619.jpg?tsp=20170213133056
23-25 Brompton Ave,http://mediall.rapmls.com/sfarmls/listingpics/bigphoto/026/450826.jpg?tsp=20161113203450
274 Athens St,http://mediall.rapmls.com/sfarmls/listingpics/bigphoto/080/455480.jpg?tsp=20170324121807
350 Broderick St #208,http://mediall.rapmls.com/sfarmls/listingpics/bigphoto/028/450228.jpg?tsp=20160928101220
236 Shipley St #402,http://mediall.rapmls.com/sfarmls/listingpics/bigphoto/041/450041.jpg?tsp=20160908142338
558 28th Ave #202,http://mediall.rapmls.com/sfarmls/listingpics/bigphoto/080/452680.jpg?tsp=20161117120830
1679 Church St,http://mediall.rapmls.com/sfarmls/listingpics/bigphoto/083/453583.jpg?tsp=20170112165239
1474 34th Ave,http://mediall.rapmls.com/sfarmls/listingpics/bigphoto/054/455554.jpg?tsp=20170313110514
531 Hill St,http://mediall.rapmls.com/sfarmls/listingpics/bigphoto/070/455670.jpg?tsp=20170313171607
246 Missouri St,http://mediall.rapmls.com/sfarmls/listingpics/bigphoto/011/455611.jpg?tsp=20170311002341
3026 Laguna St,http://mediall.rapmls.com/sfarmls/listingpics/bigphoto/009/452609.jpg?tsp=20161112224735
77 Grand View Ave #301,http://mediall.rapmls.com/sfarmls/listingpics/bigphoto/075/454475.jpg?tsp=20170223142733
1488 Harrison St #204,http://mediall.rapmls.com/sfarmls/listingpics/bigphoto/056/454956.jpg?tsp=20170227124724
199 Tiffany Ave #203,http://mediall.rapmls.com/sfarmls/listingpics/bigphoto/070/452170.jpg?tsp=20161028174822
2407 Harrison St #19,http://mediall.rapmls.com/sfarmls/listingpics/bigphoto/065/451665.jpg?tsp=20161014111510
767 Corbett Ave #8,http://mediall.rapmls.com/sfarmls/listingpics/bigphoto/084/450984.jpg?tsp=20161002103218
166 Molimo Dr,http://mediall.rapmls.com/sfarmls/listingpics/bigphoto/089/455089.jpg?tsp=20170302085545
2202 Golden Gate Ave,http://mediall.rapmls.com/sfarmls/listingpics/bigphoto/094/455794.jpg?tsp=20170317115739
2050 23rd Ave,http://mediall.rapmls.com/sfarmls/listingpics/bigphoto/078/451078.jpg?tsp=20161003090717
1566 Fell St,http://mediall.rapmls.com/sfarmls/listingpics/bigphoto/081/450981.jpg?tsp=20160930095842
378 29th Ave,http://mediall.rapmls.com/sfarmls/listingpics/bigphoto/011/450311.jpg?tsp=20160914100803
70 Wilder St,http://mediall.rapmls.com/sfarmls/listingpics/bigphoto/076/450476.jpg?tsp=20160916155658
652 Shotwell St,http://mediall.rapmls.com/sfarmls/listingpics/bigphoto/036/450036.jpg?tsp=20160908144931
2600 18th St #3,http://mediall.rapmls.com/sfarmls/listingpics/bigphoto/082/449982.jpg?tsp=20160908111950
637 Powell St #401,http://mediall.rapmls.com/sfarmls/listingpics/bigphoto/037/449837.jpg?tsp=20160906171416
151 Alice B. Toklas Pl #402,http://mediall.rapmls.com/sfarmls/listingpics/bigphoto/048/450548.jpg?tsp=20160920201120
1635 California St #41,http://mediall.rapmls.com/sfarmls/listingpics/bigphoto/001/449501.jpg?tsp=20160825145755
4350 17th St,http://mediall.rapmls.com/sfarmls/listingpics/bigphoto/075/455275.jpg?tsp=20170303105836
1350 California #304,http://mediall.rapmls.com/sfarmls/listingpics/bigphoto/030/452330.jpg?tsp=20161104114350
579 34th Ave,http://mediall.rapmls.com/sfarmls/listingpics/bigphoto/094/453794.jpg?tsp=20170120095206
2347 17th Ave,http://mediall.rapmls.com/sfarmls/listingpics/bigphoto/079/440979.jpg?tsp=20161006075045
375 Park St,http://mediall.rapmls.com/sfarmls/listingpics/bigphoto/082/454982.jpg?tsp=20170223170402
656 Vermont St,http://mediall.rapmls.com/sfarmls/listingpics/bigphoto/052/452152.jpg?tsp=20161028133001
629 Broderick St,http://mediall.rapmls.com/sfarmls/listingpics/bigphoto/096/449596.jpg?tsp=20160915111639
827 Balboa St,http://mediall.rapmls.com/sfarmls/listingpics/bigphoto/021/450221.jpg?tsp=20160916111157
1863 19th Ave,http://mediall.rapmls.com/sfarmls/listingpics/bigphoto/099/450299.jpg?tsp=20160920214518
152 Lombard St #207,http://mediall.rapmls.com/sfarmls/listingpics/bigphoto/037/450737.jpg?tsp=20160926054939
1080 Church St,http://mediall.rapmls.com/sfarmls/listingpics/bigphoto/016/452916.jpg?tsp=20161202083126
2719 Pine St,http://mediall.rapmls.com/sfarmls/listingpics/bigphoto/032/452532.jpg?tsp=20161110153829
1515 15th St #407,http://mediall.rapmls.com/sfarmls/listingpics/bigphoto/045/452145.jpg?tsp=20161031195148
2308 35th Ave,http://mediall.rapmls.com/sfarmls/listingpics/bigphoto/016/452116.jpg?tsp=20170203182154
377 Oak St,http://mediall.rapmls.com/sfarmls/listingpics/bigphoto/050/451150.jpg?tsp=20161011132341
11 Franklin #703,http://mediall.rapmls.com/sfarmls/listingpics/bigphoto/061/449861.jpg?tsp=20160906134914
1916 Great Highway Hwy,http://mediall.rapmls.com/sfarmls/listingpics/bigphoto/034/455834.jpg?tsp=20170317122037
259 Clara St #401,http://mediall.rapmls.com/sfarmls/listingpics/bigphoto/024/456024.jpg?tsp=20170325111618
338 Potrero Ave #309,http://mediall.rapmls.com/sfarmls/listingpics/bigphoto/025/451225.jpg?tsp=20161004123228
1380 Greenwich St #109,http://mediall.rapmls.com/sfarmls/listingpics/bigphoto/007/449007.jpg?tsp=20160810182314
250 King St #474,http://mediall.rapmls.com/sfarmls/listingpics/bigphoto/028/456028.jpg?tsp=20170323153345
374 Guerrero St #1,http://mediall.rapmls.com/sfarmls/listingpics/bigphoto/055/455755.jpg?tsp=20170315210558
2595 Clay St #1,http://mediall.rapmls.com/sfarmls/listingpics/bigphoto/026/454326.jpg?tsp=20170204224952
4322 17th St #B,http://mediall.rapmls.com/sfarmls/listingpics/bigphoto/023/455023.jpg?tsp=20170224122536
170 King St #1106,http://mediall.rapmls.com/sfarmls/listingpics/bigphoto/018/452118.jpg?tsp=20161028115748
55 Conrad St,http://mediall.rapmls.com/sfarmls/listingpics/bigphoto/007/452107.jpg?tsp=20161028103916
1382 Page St #2,http://mediall.rapmls.com/sfarmls/listingpics/bigphoto/020/449320.jpg?tsp=20160908131715
1543 Dolores St,http://mediall.rapmls.com/sfarmls/listingpics/bigphoto/094/448694.jpg?tsp=20160907080932
2775 Greenwich St,http://mediall.rapmls.com/sfarmls/listingpics/bigphoto/017/450717.jpg?tsp=20160923104014
10 Levant St,http://mediall.rapmls.com/sfarmls/listingpics/bigphoto/008/449508.jpg?tsp=20160826115520
429 Carl St,http://mediall.rapmls.com/sfarmls/listingpics/bigphoto/038/455138.jpg?tsp=20170316114946
1151 Sutter St #301,http://mediall.rapmls.com/sfarmls/listingpics/bigphoto/048/455748.jpg?tsp=20170405154929
448 Anderson St,http://mediall.rapmls.com/sfarmls/listingpics/bigphoto/066/453066.jpg?tsp=20161209153719
1590 22nd Ave,http://mediall.rapmls.com/sfarmls/listingpics/bigphoto/067/453367.jpg?tsp=20170106002531
45 Montecito Ave,http://mediall.rapmls.com/sfarmls/listingpics/bigphoto/041/454241.jpg?tsp=20170202145439
419 31st Ave,http://mediall.rapmls.com/sfarmls/listingpics/bigphoto/007/452507.jpg?tsp=20161110152746
530 Chestnut St #C312,http://mediall.rapmls.com/sfarmls/listingpics/bigphoto/073/449173.jpg?tsp=20160926171638
338 Potrero Ave #503,http://mediall.rapmls.com/sfarmls/listingpics/bigphoto/097/453297.jpg?tsp=20170104154603
300 3rd St #520,http://mediall.rapmls.com/sfarmls/listingpics/bigphoto/052/449952.jpg?tsp=20161012154852
1573 Waller,http://mediall.rapmls.com/sfarmls/listingpics/bigphoto/065/449765.jpg?tsp=20160903110435
338 Potrero Ave #508,http://mediall.rapmls.com/sfarmls/listingpics/bigphoto/045/454445.jpg?tsp=20170209001626
4132 3rd St #6,http://mediall.rapmls.com/sfarmls/listingpics/bigphoto/009/454809.jpg?tsp=20170404232536
2511 25th Ave,http://mediall.rapmls.com/sfarmls/listingpics/bigphoto/086/454086.jpg?tsp=20170208163744
2382 Union St,http://mediall.rapmls.com/sfarmls/listingpics/bigphoto/058/455458.jpg?tsp=20170308074627
3011 20th St #2,http://mediall.rapmls.com/sfarmls/listingpics/bigphoto/092/448792.jpg?tsp=20160915122132
801 Indiana St #363,http://mediall.rapmls.com/sfarmls/listingpics/bigphoto/070/452270.jpg?tsp=20161102191856
1630 34th Ave,http://mediall.rapmls.com/sfarmls/listingpics/bigphoto/020/452820.jpg?tsp=20161129163348
465 10th St #206,http://mediall.rapmls.com/sfarmls/listingpics/bigphoto/041/453241.jpg?tsp=20170106114408
152 Lombard St #304,http://mediall.rapmls.com/sfarmls/listingpics/bigphoto/042/454042.jpg?tsp=20170127113529
132 Collins St,http://mediall.rapmls.com/sfarmls/listingpics/bigphoto/049/456049.jpg?tsp=20170323194925
335 Clipper St,http://mediall.rapmls.com/sfarmls/listingpics/bigphoto/028/454928.jpg?tsp=20170224092153
338 Potrero Ave #206,http://mediall.rapmls.com/sfarmls/listingpics/bigphoto/034/455034.jpg?tsp=20170224132942
960 Wisconsin St,http://mediall.rapmls.com/sfarmls/listingpics/bigphoto/038/455738.jpg?tsp=20170318091035
58 Allen St,http://mediall.rapmls.com/sfarmls/listingpics/bigphoto/059/449959.jpg?tsp=20160911091902
261 Henry St #A,http://mediall.rapmls.com/sfarmls/listingpics/bigphoto/054/450454.jpg?tsp=20160916125503
1252 South Van Ness Ave,http://mediall.rapmls.com/sfarmls/listingpics/bigphoto/068/450668.jpg?tsp=20160921122733
1365 16th Ave,http://mediall.rapmls.com/sfarmls/listingpics/bigphoto/029/449729.jpg?tsp=20160904133537
355 1st St #s204,http://mediall.rapmls.com/sfarmls/listingpics/bigphoto/065/448065.jpg?tsp=20160714124208
11 Franklin St #406,http://mediall.rapmls.com/sfarmls/listingpics/bigphoto/000/448800.jpg?tsp=20160819145204
527 Holly Park Cir,http://mediall.rapmls.com/sfarmls/listingpics/bigphoto/061/455761.jpg?tsp=20170325185233
45 Bartlett St #410,http://mediall.rapmls.com/sfarmls/listingpics/bigphoto/025/454225.jpg?tsp=20170320173911
45 Bartlett St #507,http://mediall.rapmls.com/sfarmls/listingpics/bigphoto/076/450176.jpg?tsp=20160915004800
2134 Green St #3,http://mediall.rapmls.com/sfarmls/listingpics/bigphoto/074/455574.jpg?tsp=20170313092022
250 King St #872,http://mediall.rapmls.com/sfarmls/listingpics/bigphoto/072/452472.jpg?tsp=20161108183804
68 Harriet St #13,http://mediall.rapmls.com/sfarmls/listingpics/bigphoto/090/455990.jpg?tsp=20170323102313
8 Buchanan St #601,http://mediall.rapmls.com/sfarmls/listingpics/bigphoto/064/453364.jpg?tsp=20170105153621
199 Cresta Vista Dr,http://mediall.rapmls.com/sfarmls/listingpics/bigphoto/016/453616.jpg?tsp=20170114134927
330 N Mission Bay Blvd #405,http://mediall.rapmls.com/sfarmls/listingpics/bigphoto/029/454329.jpg?tsp=20170205111540
2315 Divisadero St #C,http://mediall.rapmls.com/sfarmls/listingpics/bigphoto/057/454357.jpg?tsp=20170210082223
12 Auburn St,http://mediall.rapmls.com/sfarmls/listingpics/bigphoto/077/449477.jpg?tsp=20161007112418
12 Auburn St,http://mediall.rapmls.com/sfarmls/listingpics/bigphoto/034/450034.jpg?tsp=20160908133653
1565 Sacramento St #6,http://mediall.rapmls.com/sfarmls/listingpics/bigphoto/056/453056.jpg?tsp=20161209101203
1776 Sacramento St #605,http://mediall.rapmls.com/sfarmls/listingpics/bigphoto/071/453271.jpg?tsp=20170102180226
631 Folsom St #6C,http://mediall.rapmls.com/sfarmls/listingpics/bigphoto/046/453846.jpg?tsp=20170121100004
329 Bay St #307,http://mediall.rapmls.com/sfarmls/listingpics/bigphoto/043/448943.jpg?tsp=20160813060358
26 St Marys Ave,http://mediall.rapmls.com/sfarmls/listingpics/bigphoto/034/453734.jpg?tsp=20170118153718
338 Potrero Ave #509,http://mediall.rapmls.com/sfarmls/listingpics/bigphoto/013/453113.jpg?tsp=20161214143641
521 Cayuga Ave,http://mediall.rapmls.com/sfarmls/listingpics/bigphoto/067/453167.jpg?tsp=20161219083035
520 Chestnut St #102,http://mediall.rapmls.com/sfarmls/listingpics/bigphoto/067/450667.jpg?tsp=20161028124412
631 Folsom St #8C,http://mediall.rapmls.com/sfarmls/listingpics/bigphoto/014/453814.jpg?tsp=20170119224757
338 Potrero Ave #609,http://mediall.rapmls.com/sfarmls/listingpics/bigphoto/078/453778.jpg?tsp=20170119134559
451 Kansas St #382,http://mediall.rapmls.com/sfarmls/listingpics/bigphoto/059/453359.jpg?tsp=20170105141817
3087 22nd St,http://mediall.rapmls.com/sfarmls/listingpics/bigphoto/022/451222.jpg?tsp=20161004100851
324 Arguello Blvd #2,http://mediall.rapmls.com/sfarmls/listingpics/bigphoto/044/455144.jpg?tsp=20170309145105
170 King St #711,http://mediall.rapmls.com/sfarmls/listingpics/bigphoto/027/455927.jpg?tsp=20170324124526
3191 Washington St #5,http://mediall.rapmls.com/sfarmls/listingpics/bigphoto/097/455497.jpg?tsp=20170310112347
530 Chestnut St #C408,http://mediall.rapmls.com/sfarmls/listingpics/bigphoto/058/453058.jpg?tsp=20161210115132
1895 Pacific Ave #306,http://mediall.rapmls.com/sfarmls/listingpics/bigphoto/037/454437.jpg?tsp=20170209183624
1000 North Point St #1007,http://mediall.rapmls.com/sfarmls/listingpics/bigphoto/024/448224.jpg?tsp=20160830150310
630 Sloat Blvd,http://mediall.rapmls.com/sfarmls/listingpics/bigphoto/030/448930.jpg?tsp=20160825110151
801 Indiana St #561,http://mediall.rapmls.com/sfarmls/listingpics/bigphoto/076/455576.jpg?tsp=20170310123700
170 King St #602,http://mediall.rapmls.com/sfarmls/listingpics/bigphoto/045/450045.jpg?tsp=20161103214024
555 Fulton St #313,http://mediall.rapmls.com/sfarmls/listingpics/bigphoto/002/451202.jpg?tsp=20161003144932
255 Edgehill Way,http://mediall.rapmls.com/sfarmls/listingpics/bigphoto/083/451983.jpg?tsp=20161208132427
403 Main St #215,http://mediall.rapmls.com/sfarmls/listingpics/bigphoto/091/452391.jpg?tsp=20161104121751
90 Entrada Ct,http://mediall.rapmls.com/sfarmls/listingpics/bigphoto/061/449461.jpg?tsp=20160826084959
1913 Stockton St,http://mediall.rapmls.com/sfarmls/listingpics/bigphoto/059/452559.jpg?tsp=20161110163401
368 Elm St #305,http://mediall.rapmls.com/sfarmls/listingpics/bigphoto/096/452296.jpg?tsp=20161103172213
1160 Mission St #1114,http://mediall.rapmls.com/sfarmls/listingpics/bigphoto/057/451657.jpg?tsp=20161018145016
451 Kansas St #512,http://mediall.rapmls.com/sfarmls/listingpics/bigphoto/086/453286.jpg?tsp=20170105103942
1868 Van Ness #201,http://mediall.rapmls.com/sfarmls/listingpics/bigphoto/031/455031.jpg?tsp=20170224133739
1275 Indiana St #405,http://mediall.rapmls.com/sfarmls/listingpics/bigphoto/092/451392.jpg?tsp=20161007103124
55 Page St #317,http://mediall.rapmls.com/sfarmls/listingpics/bigphoto/040/450440.jpg?tsp=20160916192839
235 Berry #704,http://mediall.rapmls.com/sfarmls/listingpics/bigphoto/006/456006.jpg?tsp=20170323120308
300 Berry St #1210,http://mediall.rapmls.com/sfarmls/listingpics/bigphoto/007/456007.jpg?tsp=20170324114942
88 Manchester St,http://mediall.rapmls.com/sfarmls/listingpics/bigphoto/042/455842.jpg?tsp=20170317143118
400 Beale #1301,http://mediall.rapmls.com/sfarmls/listingpics/bigphoto/047/455547.jpg?tsp=20170310065114
850 Powell St #102,http://mediall.rapmls.com/sfarmls/listingpics/bigphoto/089/455889.jpg?tsp=20170320115803
2689 Pine,http://mediall.rapmls.com/sfarmls/listingpics/bigphoto/075/451975.jpg?tsp=20161031080356
45 Bartlett St #207,http://mediall.rapmls.com/sfarmls/listingpics/bigphoto/014/452414.jpg?tsp=20161104181332
62 Ramona Ave,http://mediall.rapmls.com/sfarmls/listingpics/bigphoto/094/453594.jpg?tsp=20170112200719
1117 Hampshire,http://mediall.rapmls.com/sfarmls/listingpics/bigphoto/066/454066.jpg?tsp=20170127114802
550 Stanyan St #7,http://mediall.rapmls.com/sfarmls/listingpics/bigphoto/054/454454.jpg?tsp=20170212220522
403 Main St #203N,http://mediall.rapmls.com/sfarmls/listingpics/bigphoto/037/454937.jpg?tsp=20170223205242
430 Fell St,http://mediall.rapmls.com/sfarmls/listingpics/bigphoto/026/451726.jpg?tsp=20161017113452
2762-64 23rd St,http://mediall.rapmls.com/sfarmls/listingpics/bigphoto/039/455139.jpg?tsp=20170304104419
20 Bessie St,http://mediall.rapmls.com/sfarmls/listingpics/bigphoto/018/455118.jpg?tsp=20170303003933
121 29th St,http://mediall.rapmls.com/sfarmls/listingpics/bigphoto/091/449591.jpg?tsp=20160919104339
250 King St #702,http://mediall.rapmls.com/sfarmls/listingpics/bigphoto/052/455352.jpg?tsp=20170309222702
130 Roanoke,chrome-extension://laankejkbhbdhmipfmgcngdelahlfoji/common/img/eye_19x19_red.png
1655 Chestnut St #302,http://mediall.rapmls.com/sfarmls/listingpics/bigphoto/021/452321.jpg?tsp=20161104082633
50 Lansing St #407,http://mediall.rapmls.com/sfarmls/listingpics/bigphoto/088/453988.jpg?tsp=20170127090850
130 Roanoke St,http://mediall.rapmls.com/sfarmls/listingpics/bigphoto/080/452080.jpg?tsp=20161027093538
50 Lansing St #703,http://mediall.rapmls.com/sfarmls/listingpics/bigphoto/054/454354.jpg?tsp=20170330183334
1462 27th Ave,http://mediall.rapmls.com/sfarmls/listingpics/bigphoto/090/451690.jpg?tsp=20161014221712
1185 Rhode Island St,http://mediall.rapmls.com/sfarmls/listingpics/bigphoto/030/455130.jpg?tsp=20170304105035
143 Buchanan St,http://mediall.rapmls.com/sfarmls/listingpics/bigphoto/058/450558.jpg?tsp=20160919111115
290 Rutledge St,http://mediall.rapmls.com/sfarmls/listingpics/bigphoto/098/455898.jpg?tsp=20170320150259
60 Rausch St #304,http://mediall.rapmls.com/sfarmls/listingpics/bigphoto/032/453432.jpg?tsp=20170109111029
1160 Mission St #513,http://mediall.rapmls.com/sfarmls/listingpics/bigphoto/096/453496.jpg?tsp=20170309141134
660 Natoma St #4,http://mediall.rapmls.com/sfarmls/listingpics/bigphoto/013/455113.jpg?tsp=20170227151619
2111 Bush St,http://mediall.rapmls.com/sfarmls/listingpics/bigphoto/025/451025.jpg?tsp=20161003135049
1080 Sutter St #1002,http://mediall.rapmls.com/sfarmls/listingpics/bigphoto/037/453237.jpg?tsp=20170103120131
333 1st St #1701,http://mediall.rapmls.com/sfarmls/listingpics/bigphoto/072/450572.jpg?tsp=20160920172246
730 San Bruno Ave,http://mediall.rapmls.com/sfarmls/listingpics/bigphoto/023/450823.jpg?tsp=20160923175417
453 Teresita Blvd,http://mediall.rapmls.com/sfarmls/listingpics/bigphoto/035/450835.jpg?tsp=20160925082627
786 Minna St #10,http://mediall.rapmls.com/sfarmls/listingpics/bigphoto/070/450870.jpg?tsp=20160926162417
1679 Dolores St,http://mediall.rapmls.com/sfarmls/listingpics/bigphoto/007/447707.jpg?tsp=20160825101241
355 1st St #1002,http://mediall.rapmls.com/sfarmls/listingpics/bigphoto/040/455940.jpg?tsp=20170322133727
87 Virgil St,http://mediall.rapmls.com/sfarmls/listingpics/bigphoto/016/454316.jpg?tsp=20170208114434
1520 6th Ave,http://mediall.rapmls.com/sfarmls/listingpics/bigphoto/013/455013.jpg?tsp=20170224091127
555 4th St #613,http://mediall.rapmls.com/sfarmls/listingpics/bigphoto/002/450702.jpg?tsp=20170103110858
64 Carver St,http://mediall.rapmls.com/sfarmls/listingpics/bigphoto/012/449612.jpg?tsp=20160831100951
