Gallery-url,Address
http://mlax.rapmls.com/Gallery.aspx?mls=SFAR&listingRid=324428,28 Redondo St
http://mlax.rapmls.com/Gallery.aspx?mls=SFAR&listingRid=324235,370 Stoneridge Ln
http://mlax.rapmls.com/Gallery.aspx?mls=SFAR&listingRid=324154,8300 Oceanview Ter #205
http://mlax.rapmls.com/Gallery.aspx?mls=SFAR&listingRid=324364,678 Moscow St
http://mlax.rapmls.com/Gallery.aspx?mls=SFAR&listingRid=324431,1891 48th Ave
http://mlax.rapmls.com/Gallery.aspx?mls=SFAR&listingRid=324241,104 Trumbull St
,Address not found
http://mlax.rapmls.com/Gallery.aspx?mls=SFAR&listingRid=324243,215 Red Rock Way #J204
http://mlax.rapmls.com/Gallery.aspx?mls=SFAR&listingRid=324412,875 La Playa St #383
http://mlax.rapmls.com/Gallery.aspx?mls=SFAR&listingRid=324181,874 Silver Ave
http://mlax.rapmls.com/Gallery.aspx?mls=SFAR&listingRid=324213,227 Panorama Dr
http://mlax.rapmls.com/Gallery.aspx?mls=SFAR&listingRid=324308,167 Vienna St
http://mlax.rapmls.com/Gallery.aspx?mls=SFAR&listingRid=324362,519 Garfield St
http://mlax.rapmls.com/Gallery.aspx?mls=SFAR&listingRid=324267,2247 45th Ave
http://mlax.rapmls.com/Gallery.aspx?mls=SFAR&listingRid=324365,1884 Bush St
,Address not found
http://mlax.rapmls.com/Gallery.aspx?mls=SFAR&listingRid=324237,619 Haight St
http://mlax.rapmls.com/Gallery.aspx?mls=SFAR&listingRid=324433,1215 Kirkham St
http://mlax.rapmls.com/Gallery.aspx?mls=SFAR&listingRid=324199,50 Jerrold Ave #409
,Address not found
http://mlax.rapmls.com/Gallery.aspx?mls=SFAR&listingRid=324139,1117 Alabama St #A
http://mlax.rapmls.com/Gallery.aspx?mls=SFAR&listingRid=324327,20 Meadowbrook Dr
http://mlax.rapmls.com/Gallery.aspx?mls=SFAR&listingRid=324280,887 47th Ave
http://mlax.rapmls.com/Gallery.aspx?mls=SFAR&listingRid=324419,817 Masonic Ave #817
http://mlax.rapmls.com/Gallery.aspx?mls=SFAR&listingRid=324293,1237 Chestnut St #5
http://mlax.rapmls.com/Gallery.aspx?mls=SFAR&listingRid=324315,195 25th Ave #101
http://mlax.rapmls.com/Gallery.aspx?mls=SFAR&listingRid=324200,192 Coleman St
http://mlax.rapmls.com/Gallery.aspx?mls=SFAR&listingRid=324310,156 Guerrero St #101
http://mlax.rapmls.com/Gallery.aspx?mls=SFAR&listingRid=324391,111 Monterey Blvd
http://mlax.rapmls.com/Gallery.aspx?mls=SFAR&listingRid=324355,710 17th Ave
http://mlax.rapmls.com/Gallery.aspx?mls=SFAR&listingRid=324324,701 Minna St #14
http://mlax.rapmls.com/Gallery.aspx?mls=SFAR&listingRid=324322,2032 Ellis St
http://mlax.rapmls.com/Gallery.aspx?mls=SFAR&listingRid=324275,88 King St #110
,Address not found
http://mlax.rapmls.com/Gallery.aspx?mls=SFAR&listingRid=324260,10 Miller Pl #701
http://mlax.rapmls.com/Gallery.aspx?mls=SFAR&listingRid=324161,2040 Sutter St #301
http://mlax.rapmls.com/Gallery.aspx?mls=SFAR&listingRid=324195,401 Harrison St #7F
http://mlax.rapmls.com/Gallery.aspx?mls=SFAR&listingRid=324318,1441 Jones St #304
http://mlax.rapmls.com/Gallery.aspx?mls=SFAR&listingRid=324137,190 7th St #2
,Address not found
http://mlax.rapmls.com/Gallery.aspx?mls=SFAR&listingRid=324396,110 Channel St #102
http://mlax.rapmls.com/Gallery.aspx?mls=SFAR&listingRid=324370,1000 3rd St #822
http://mlax.rapmls.com/Gallery.aspx?mls=SFAR&listingRid=324155,1141 Church St
http://mlax.rapmls.com/Gallery.aspx?mls=SFAR&listingRid=324374,1000 3rd St #403
http://mlax.rapmls.com/Gallery.aspx?mls=SFAR&listingRid=324337,44 Valley St
http://mlax.rapmls.com/Gallery.aspx?mls=SFAR&listingRid=324187,8-14 Cypress St
http://mlax.rapmls.com/Gallery.aspx?mls=SFAR&listingRid=324448,584-586 Mississippi St
http://mlax.rapmls.com/Gallery.aspx?mls=SFAR&listingRid=324369,1545 Pine St #209
http://mlax.rapmls.com/Gallery.aspx?mls=SFAR&listingRid=324242,201 Folsom St #23E
http://mlax.rapmls.com/Gallery.aspx?mls=SFAR&listingRid=324361,219 Brannan St #16K
http://mlax.rapmls.com/Gallery.aspx?mls=SFAR&listingRid=324389,955 Wisconsin St
http://mlax.rapmls.com/Gallery.aspx?mls=SFAR&listingRid=324341,2121 Webster St #308
,Address not found
http://mlax.rapmls.com/Gallery.aspx?mls=SFAR&listingRid=324191,1251 Revere Ave
http://mlax.rapmls.com/Gallery.aspx?mls=SFAR&listingRid=324289,613 La Salle Ave #68
http://mlax.rapmls.com/Gallery.aspx?mls=SFAR&listingRid=324351,1622 Ingalls St
http://mlax.rapmls.com/Gallery.aspx?mls=SFAR&listingRid=324437,1420 Webster St #2
http://mlax.rapmls.com/Gallery.aspx?mls=SFAR&listingRid=324430,1879 Palou Ave
http://mlax.rapmls.com/Gallery.aspx?mls=SFAR&listingRid=324424,109 Miramar Ave
http://mlax.rapmls.com/Gallery.aspx?mls=SFAR&listingRid=324413,4451 Mission St #301
http://mlax.rapmls.com/Gallery.aspx?mls=SFAR&listingRid=324314,75 Brighton Ave
http://mlax.rapmls.com/Gallery.aspx?mls=SFAR&listingRid=324263,1941 48th Ave
http://mlax.rapmls.com/Gallery.aspx?mls=SFAR&listingRid=324394,140 Ocean Ave
http://mlax.rapmls.com/Gallery.aspx?mls=SFAR&listingRid=324287,215 Bradford St
http://mlax.rapmls.com/Gallery.aspx?mls=SFAR&listingRid=324281,1523 41st Ave
http://mlax.rapmls.com/Gallery.aspx?mls=SFAR&listingRid=324150,2574 44th Ave
http://mlax.rapmls.com/Gallery.aspx?mls=SFAR&listingRid=324283,39 Brewster St
http://mlax.rapmls.com/Gallery.aspx?mls=SFAR&listingRid=324323,144 Putnam St
http://mlax.rapmls.com/Gallery.aspx?mls=SFAR&listingRid=324328,849 44th Ave
http://mlax.rapmls.com/Gallery.aspx?mls=SFAR&listingRid=324179,476 Joost Ave
http://mlax.rapmls.com/Gallery.aspx?mls=SFAR&listingRid=324239,1951 9th Ave
http://mlax.rapmls.com/Gallery.aspx?mls=SFAR&listingRid=324423,2300 34th Ave
http://mlax.rapmls.com/Gallery.aspx?mls=SFAR&listingRid=324245,29 Levant
http://mlax.rapmls.com/Gallery.aspx?mls=SFAR&listingRid=324285,490 Joost Ave
http://mlax.rapmls.com/Gallery.aspx?mls=SFAR&listingRid=324354,4045 Ocean Ave
http://mlax.rapmls.com/Gallery.aspx?mls=SFAR&listingRid=324343,396 Guerrero St
http://mlax.rapmls.com/Gallery.aspx?mls=SFAR&listingRid=324240,28 Winfield St
,Address not found
http://mlax.rapmls.com/Gallery.aspx?mls=SFAR&listingRid=324256,2172 Fell St
http://mlax.rapmls.com/Gallery.aspx?mls=SFAR&listingRid=324292,2125 Bryant St #308
http://mlax.rapmls.com/Gallery.aspx?mls=SFAR&listingRid=324406,110 Montcalm St
http://mlax.rapmls.com/Gallery.aspx?mls=SFAR&listingRid=324319,3583 Sacramento St
http://mlax.rapmls.com/Gallery.aspx?mls=SFAR&listingRid=324238,152 Fairmount St
http://mlax.rapmls.com/Gallery.aspx?mls=SFAR&listingRid=324262,148 Lower Ter
http://mlax.rapmls.com/Gallery.aspx?mls=SFAR&listingRid=324273,2241 Sacramento St #5
http://mlax.rapmls.com/Gallery.aspx?mls=SFAR&listingRid=324335,861 27th St
http://mlax.rapmls.com/Gallery.aspx?mls=SFAR&listingRid=324142,225 Laguna St
http://mlax.rapmls.com/Gallery.aspx?mls=SFAR&listingRid=324254,407 Missouri St
http://mlax.rapmls.com/Gallery.aspx?mls=SFAR&listingRid=324416,221 Chenery St
http://mlax.rapmls.com/Gallery.aspx?mls=SFAR&listingRid=324393,1450 Franklin St #1302
http://mlax.rapmls.com/Gallery.aspx?mls=SFAR&listingRid=324143,2230 Bush St
http://mlax.rapmls.com/Gallery.aspx?mls=SFAR&listingRid=324421,1070 Green St #1501
http://mlax.rapmls.com/Gallery.aspx?mls=SFAR&listingRid=324352,301 Main St #37B
http://mlax.rapmls.com/Gallery.aspx?mls=SFAR&listingRid=324376,131 Raymond Ave
http://mlax.rapmls.com/Gallery.aspx?mls=SFAR&listingRid=324387,106-108 Sadowa St
http://mlax.rapmls.com/Gallery.aspx?mls=SFAR&listingRid=324342,4 Richards Cir
http://mlax.rapmls.com/Gallery.aspx?mls=SFAR&listingRid=324202,900 Girard St
http://mlax.rapmls.com/Gallery.aspx?mls=SFAR&listingRid=324297,561 Hearst Ave
http://mlax.rapmls.com/Gallery.aspx?mls=SFAR&listingRid=324325,801 Excelsior Ave
http://mlax.rapmls.com/Gallery.aspx?mls=SFAR&listingRid=324108,190 Mary Teresa St #2
,Address not found
,
,
,
,
,
,
,Address not found
,Address not found
,Address not found
,Address not found
http://mlax.rapmls.com/Gallery.aspx?mls=SFAR&listingRid=324395,148 16th Ave
http://mlax.rapmls.com/Gallery.aspx?mls=SFAR&listingRid=321650,12 Garnett Ter
http://mlax.rapmls.com/Gallery.aspx?mls=SFAR&listingRid=320492,451 Kansas St #328
http://mlax.rapmls.com/Gallery.aspx?mls=SFAR&listingRid=318397,3912-3914 Cesar Chavez St
http://mlax.rapmls.com/Gallery.aspx?mls=SFAR&listingRid=321543,55 Ora Way #308B
http://mlax.rapmls.com/Gallery.aspx?mls=SFAR&listingRid=319240,888 7th St #207
http://mlax.rapmls.com/Gallery.aspx?mls=SFAR&listingRid=321142,41 Kiska Rd
http://mlax.rapmls.com/Gallery.aspx?mls=SFAR&listingRid=321677,2916 Arelious Walker Dr #6
http://mlax.rapmls.com/Gallery.aspx?mls=SFAR&listingRid=321405,855 Folsom St #342
http://mlax.rapmls.com/Gallery.aspx?mls=SFAR&listingRid=320952,270 Valencia St #401
http://mlax.rapmls.com/Gallery.aspx?mls=SFAR&listingRid=320096,126 Dolphin Ct
http://mlax.rapmls.com/Gallery.aspx?mls=SFAR&listingRid=321932,218 Grafton Ave
http://mlax.rapmls.com/Gallery.aspx?mls=SFAR&listingRid=321679,1335 Laguna St #6
http://mlax.rapmls.com/Gallery.aspx?mls=SFAR&listingRid=318552,212 Howth St
http://mlax.rapmls.com/Gallery.aspx?mls=SFAR&listingRid=321501,1676 Wallace Ave
http://mlax.rapmls.com/Gallery.aspx?mls=SFAR&listingRid=320529,205 Salinas Ave
http://mlax.rapmls.com/Gallery.aspx?mls=SFAR&listingRid=320930,239 Arleta Ave
http://mlax.rapmls.com/Gallery.aspx?mls=SFAR&listingRid=321152,1151 Plymouth Ave
http://mlax.rapmls.com/Gallery.aspx?mls=SFAR&listingRid=319335,400 Alemany Blvd #1
http://mlax.rapmls.com/Gallery.aspx?mls=SFAR&listingRid=320706,515 Delta St
http://mlax.rapmls.com/Gallery.aspx?mls=SFAR&listingRid=322103,350 Athens St
http://mlax.rapmls.com/Gallery.aspx?mls=SFAR&listingRid=323458,441 Rolph St
http://mlax.rapmls.com/Gallery.aspx?mls=SFAR&listingRid=323312,5810 Mission St #304
http://mlax.rapmls.com/Gallery.aspx?mls=SFAR&listingRid=320681,2108 Great Highway Hwy #3
http://mlax.rapmls.com/Gallery.aspx?mls=SFAR&listingRid=321709,727 Andover St
http://mlax.rapmls.com/Gallery.aspx?mls=SFAR&listingRid=320809,343 Stoneridge Ln #5203
http://mlax.rapmls.com/Gallery.aspx?mls=SFAR&listingRid=321340,60 Mercury St
http://mlax.rapmls.com/Gallery.aspx?mls=SFAR&listingRid=319811,1387 Goettingen
http://mlax.rapmls.com/Gallery.aspx?mls=SFAR&listingRid=318619,2063 41st Ave
http://mlax.rapmls.com/Gallery.aspx?mls=SFAR&listingRid=318550,27 Talbert St
http://mlax.rapmls.com/Gallery.aspx?mls=SFAR&listingRid=324079,171 Ledyard St
http://mlax.rapmls.com/Gallery.aspx?mls=SFAR&listingRid=318767,400 Alemany Blvd #19
http://mlax.rapmls.com/Gallery.aspx?mls=SFAR&listingRid=321970,1436 Ingalls St
http://mlax.rapmls.com/Gallery.aspx?mls=SFAR&listingRid=321682,218 Ordway St
http://mlax.rapmls.com/Gallery.aspx?mls=SFAR&listingRid=323651,8200 Oceanview Ter #408
http://mlax.rapmls.com/Gallery.aspx?mls=SFAR&listingRid=321996,130 Brazil Ave
http://mlax.rapmls.com/Gallery.aspx?mls=SFAR&listingRid=318968,208 N Lake Merced Hls #1A
http://mlax.rapmls.com/Gallery.aspx?mls=SFAR&listingRid=320125,3981 Alemany Blvd #209
http://mlax.rapmls.com/Gallery.aspx?mls=SFAR&listingRid=323549,3981 Alemany Blvd #110
http://mlax.rapmls.com/Gallery.aspx?mls=SFAR&listingRid=322716,301 Crescent Ct #3216
http://mlax.rapmls.com/Gallery.aspx?mls=SFAR&listingRid=324095,135 Farallones St
http://mlax.rapmls.com/Gallery.aspx?mls=SFAR&listingRid=318166,840 Potrero Ave
http://mlax.rapmls.com/Gallery.aspx?mls=SFAR&listingRid=322676,20 Drake St
http://mlax.rapmls.com/Gallery.aspx?mls=SFAR&listingRid=319921,8100 Oceanview Ter #204
http://mlax.rapmls.com/Gallery.aspx?mls=SFAR&listingRid=320561,124 Majestic Ave
http://mlax.rapmls.com/Gallery.aspx?mls=SFAR&listingRid=321667,157 A St
http://mlax.rapmls.com/Gallery.aspx?mls=SFAR&listingRid=318568,501 Crescent Way #5310
http://mlax.rapmls.com/Gallery.aspx?mls=SFAR&listingRid=323515,1211 Bowdoin St
http://mlax.rapmls.com/Gallery.aspx?mls=SFAR&listingRid=323516,501 Crescent Way #5212
http://mlax.rapmls.com/Gallery.aspx?mls=SFAR&listingRid=320164,301 Crescent Ct #3116
http://mlax.rapmls.com/Gallery.aspx?mls=SFAR&listingRid=320663,201 Pope St
http://mlax.rapmls.com/Gallery.aspx?mls=SFAR&listingRid=323470,162 Stoneridge Ln #1207
http://mlax.rapmls.com/Gallery.aspx?mls=SFAR&listingRid=321170,98 Reddy St
http://mlax.rapmls.com/Gallery.aspx?mls=SFAR&listingRid=318979,5800 3rd St #1407
http://mlax.rapmls.com/Gallery.aspx?mls=SFAR&listingRid=321201,924 Dwight St
http://mlax.rapmls.com/Gallery.aspx?mls=SFAR&listingRid=318164,1 Crescent Way #1107
http://mlax.rapmls.com/Gallery.aspx?mls=SFAR&listingRid=323241,1435-1437 Revere Ave
http://mlax.rapmls.com/Gallery.aspx?mls=SFAR&listingRid=320231,1914 34th Ave
http://mlax.rapmls.com/Gallery.aspx?mls=SFAR&listingRid=323323,537 Moultrie St
http://mlax.rapmls.com/Gallery.aspx?mls=SFAR&listingRid=318852,2414 47th Ave
http://mlax.rapmls.com/Gallery.aspx?mls=SFAR&listingRid=318542,5122-A Diamond Heights Blvd #A
http://mlax.rapmls.com/Gallery.aspx?mls=SFAR&listingRid=320750,131 Naglee Ave
http://mlax.rapmls.com/Gallery.aspx?mls=SFAR&listingRid=321121,1488 Harrison St #101
http://mlax.rapmls.com/Gallery.aspx?mls=SFAR&listingRid=322187,1862 Ellis St #A
http://mlax.rapmls.com/Gallery.aspx?mls=SFAR&listingRid=319909,43 Winding Way
http://mlax.rapmls.com/Gallery.aspx?mls=SFAR&listingRid=320124,574 26th Ave #2
http://mlax.rapmls.com/Gallery.aspx?mls=SFAR&listingRid=319563,1285 Fitzgerald
http://mlax.rapmls.com/Gallery.aspx?mls=SFAR&listingRid=318874,427 Randolph St
http://mlax.rapmls.com/Gallery.aspx?mls=SFAR&listingRid=318610,287 Thrift St
http://mlax.rapmls.com/Gallery.aspx?mls=SFAR&listingRid=318591,615 Sargent St
http://mlax.rapmls.com/Gallery.aspx?mls=SFAR&listingRid=319156,954 Key Ave
http://mlax.rapmls.com/Gallery.aspx?mls=SFAR&listingRid=318305,323 Orizaba Ave
http://mlax.rapmls.com/Gallery.aspx?mls=SFAR&listingRid=318295,285 Bridgeview
http://mlax.rapmls.com/Gallery.aspx?mls=SFAR&listingRid=324100,900 Somerset St
http://mlax.rapmls.com/Gallery.aspx?mls=SFAR&listingRid=321336,624 Brussels St
http://mlax.rapmls.com/Gallery.aspx?mls=SFAR&listingRid=318877,16 Tioga Ave
http://mlax.rapmls.com/Gallery.aspx?mls=SFAR&listingRid=323906,31 Maddux Ave
http://mlax.rapmls.com/Gallery.aspx?mls=SFAR&listingRid=318307,227 Garfield St
http://mlax.rapmls.com/Gallery.aspx?mls=SFAR&listingRid=318920,3431 Mission St #4
http://mlax.rapmls.com/Gallery.aspx?mls=SFAR&listingRid=318583,227 Randolph St
http://mlax.rapmls.com/Gallery.aspx?mls=SFAR&listingRid=319845,5800 3rd St
http://mlax.rapmls.com/Gallery.aspx?mls=SFAR&listingRid=322800,5800 3rd St #1212
http://mlax.rapmls.com/Gallery.aspx?mls=SFAR&listingRid=320041,116 Caine Ave
http://mlax.rapmls.com/Gallery.aspx?mls=SFAR&listingRid=318990,194 Gaven St
http://mlax.rapmls.com/Gallery.aspx?mls=SFAR&listingRid=323535,38 Grafton Ave
http://mlax.rapmls.com/Gallery.aspx?mls=SFAR&listingRid=320709,2686 44th Ave
http://mlax.rapmls.com/Gallery.aspx?mls=SFAR&listingRid=318919,307 Page St #1
http://mlax.rapmls.com/Gallery.aspx?mls=SFAR&listingRid=319236,419 Lakeview Ave
,2017 Grant Ave #1
http://mlax.rapmls.com/Gallery.aspx?mls=SFAR&listingRid=323848,5108 Diamond Heights #A
http://mlax.rapmls.com/Gallery.aspx?mls=SFAR&listingRid=323805,10 Harris Pl
http://mlax.rapmls.com/Gallery.aspx?mls=SFAR&listingRid=323315,536 27th St #2
http://mlax.rapmls.com/Gallery.aspx?mls=SFAR&listingRid=321839,1490 45th Ave
http://mlax.rapmls.com/Gallery.aspx?mls=SFAR&listingRid=322641,1405 34th Ave
http://mlax.rapmls.com/Gallery.aspx?mls=SFAR&listingRid=322462,32 Perego Ter
http://mlax.rapmls.com/Gallery.aspx?mls=SFAR&listingRid=321441,902 Corbett Ave #4
http://mlax.rapmls.com/Gallery.aspx?mls=SFAR&listingRid=323442,300 Baltimore Way
http://mlax.rapmls.com/Gallery.aspx?mls=SFAR&listingRid=320657,2685 Pine
http://mlax.rapmls.com/Gallery.aspx?mls=SFAR&listingRid=322558,75 Dichiera Ct
http://mlax.rapmls.com/Gallery.aspx?mls=SFAR&listingRid=318797,182 Galewood Cir
http://mlax.rapmls.com/Gallery.aspx?mls=SFAR&listingRid=324066,601 Van Ness Ave #525
http://mlax.rapmls.com/Gallery.aspx?mls=SFAR&listingRid=319363,287 Monterey Blvd
http://mlax.rapmls.com/Gallery.aspx?mls=SFAR&listingRid=324054,2 Colby St
http://mlax.rapmls.com/Gallery.aspx?mls=SFAR&listingRid=324089,2189 Market St #7
http://mlax.rapmls.com/Gallery.aspx?mls=SFAR&listingRid=323792,717 Rolph St
http://mlax.rapmls.com/Gallery.aspx?mls=SFAR&listingRid=320825,610 26th Ave
http://mlax.rapmls.com/Gallery.aspx?mls=SFAR&listingRid=320960,1080 Sutter St #503
http://mlax.rapmls.com/Gallery.aspx?mls=SFAR&listingRid=321134,880 Silver Ave
http://mlax.rapmls.com/Gallery.aspx?mls=SFAR&listingRid=321209,101-101 Cleo Rand
http://mlax.rapmls.com/Gallery.aspx?mls=SFAR&listingRid=321304,155 Harriet St #9
http://mlax.rapmls.com/Gallery.aspx?mls=SFAR&listingRid=320595,555 Athens St
http://mlax.rapmls.com/Gallery.aspx?mls=SFAR&listingRid=321924,875 Vermont St #203
http://mlax.rapmls.com/Gallery.aspx?mls=SFAR&listingRid=321956,1462 Newcomb Ave
http://mlax.rapmls.com/Gallery.aspx?mls=SFAR&listingRid=322107,1929 48th Ave
http://mlax.rapmls.com/Gallery.aspx?mls=SFAR&listingRid=322307,351 Niagara
http://mlax.rapmls.com/Gallery.aspx?mls=SFAR&listingRid=322463,563 Munich St
http://mlax.rapmls.com/Gallery.aspx?mls=SFAR&listingRid=322582,122 Venus St
http://mlax.rapmls.com/Gallery.aspx?mls=SFAR&listingRid=322589,834 Arkansas St #3
http://mlax.rapmls.com/Gallery.aspx?mls=SFAR&listingRid=322623,262 Frederick St #1
http://mlax.rapmls.com/Gallery.aspx?mls=SFAR&listingRid=322695,2212-A 23rd St
http://mlax.rapmls.com/Gallery.aspx?mls=SFAR&listingRid=322703,312 Bowdoin St
http://mlax.rapmls.com/Gallery.aspx?mls=SFAR&listingRid=322812,2401 44th Ave #5
http://mlax.rapmls.com/Gallery.aspx?mls=SFAR&listingRid=319809,1018 Hollister Ave
http://mlax.rapmls.com/Gallery.aspx?mls=SFAR&listingRid=323158,1415 Eddy St
http://mlax.rapmls.com/Gallery.aspx?mls=SFAR&listingRid=323988,3319 Lawton St
http://mlax.rapmls.com/Gallery.aspx?mls=SFAR&listingRid=320534,254 Pope St
http://mlax.rapmls.com/Gallery.aspx?mls=SFAR&listingRid=319573,2262 42nd Ave
http://mlax.rapmls.com/Gallery.aspx?mls=SFAR&listingRid=319592,422 Bright St
http://mlax.rapmls.com/Gallery.aspx?mls=SFAR&listingRid=318780,350 Ralston St
http://mlax.rapmls.com/Gallery.aspx?mls=SFAR&listingRid=318905,195 Maynard St
http://mlax.rapmls.com/Gallery.aspx?mls=SFAR&listingRid=319230,1587 15th St #201
http://mlax.rapmls.com/Gallery.aspx?mls=SFAR&listingRid=319163,2444 15th St
http://mlax.rapmls.com/Gallery.aspx?mls=SFAR&listingRid=318230,1 Putnam St
http://mlax.rapmls.com/Gallery.aspx?mls=SFAR&listingRid=318184,6 Mint Plz #703A
http://mlax.rapmls.com/Gallery.aspx?mls=SFAR&listingRid=319825,4378 17th St #A
http://mlax.rapmls.com/Gallery.aspx?mls=SFAR&listingRid=321900,250 Circular Ave
http://mlax.rapmls.com/Gallery.aspx?mls=SFAR&listingRid=322126,990 Randolph St
http://mlax.rapmls.com/Gallery.aspx?mls=SFAR&listingRid=318240,3270 Market St
http://mlax.rapmls.com/Gallery.aspx?mls=SFAR&listingRid=323891,97 Lapham Way
http://mlax.rapmls.com/Gallery.aspx?mls=SFAR&listingRid=319822,2226 Ortega St
http://mlax.rapmls.com/Gallery.aspx?mls=SFAR&listingRid=321704,75 Roosevelt Way #2
http://mlax.rapmls.com/Gallery.aspx?mls=SFAR&listingRid=321517,900 Bush #1008
http://mlax.rapmls.com/Gallery.aspx?mls=SFAR&listingRid=320273,1500 25th Ave
http://mlax.rapmls.com/Gallery.aspx?mls=SFAR&listingRid=323435,3030 Anza St
http://mlax.rapmls.com/Gallery.aspx?mls=SFAR&listingRid=318458,781 Athens St
http://mlax.rapmls.com/Gallery.aspx?mls=SFAR&listingRid=322473,76 Mangels Ave
http://mlax.rapmls.com/Gallery.aspx?mls=SFAR&listingRid=323881,8 Montezuma St
http://mlax.rapmls.com/Gallery.aspx?mls=SFAR&listingRid=320957,2075 Bancroft Ave
http://mlax.rapmls.com/Gallery.aspx?mls=SFAR&listingRid=321028,64 Sussex St
http://mlax.rapmls.com/Gallery.aspx?mls=SFAR&listingRid=321765,53 Edinburgh St
http://mlax.rapmls.com/Gallery.aspx?mls=SFAR&listingRid=319824,2786 39th Ave
http://mlax.rapmls.com/Gallery.aspx?mls=SFAR&listingRid=319472,90 Aquavista Way
http://mlax.rapmls.com/Gallery.aspx?mls=SFAR&listingRid=318903,1153 Leavenworth St
http://mlax.rapmls.com/Gallery.aspx?mls=SFAR&listingRid=318625,456 Princeton St
http://mlax.rapmls.com/Gallery.aspx?mls=SFAR&listingRid=320739,1036 Potrero Ave #6
http://mlax.rapmls.com/Gallery.aspx?mls=SFAR&listingRid=323809,720 Gough #41
http://mlax.rapmls.com/Gallery.aspx?mls=SFAR&listingRid=321041,240 Sussex St
http://mlax.rapmls.com/Gallery.aspx?mls=SFAR&listingRid=318818,76 Bronte St
http://mlax.rapmls.com/Gallery.aspx?mls=SFAR&listingRid=319943,24 Lawrence Ave
http://mlax.rapmls.com/Gallery.aspx?mls=SFAR&listingRid=318853,1734 Bay St #106
http://mlax.rapmls.com/Gallery.aspx?mls=SFAR&listingRid=319087,1201-1203 45th Ave #1203
http://mlax.rapmls.com/Gallery.aspx?mls=SFAR&listingRid=320796,1273 Rhode Island St
http://mlax.rapmls.com/Gallery.aspx?mls=SFAR&listingRid=318986,674 Joost Ave
http://mlax.rapmls.com/Gallery.aspx?mls=SFAR&listingRid=317159,563 Minna St #1
http://mlax.rapmls.com/Gallery.aspx?mls=SFAR&listingRid=323295,276 Friedell
http://mlax.rapmls.com/Gallery.aspx?mls=SFAR&listingRid=324044,2317 31st Ave
http://mlax.rapmls.com/Gallery.aspx?mls=SFAR&listingRid=321192,89 Westwood Dr
http://mlax.rapmls.com/Gallery.aspx?mls=SFAR&listingRid=318792,180 7th St #301
http://mlax.rapmls.com/Gallery.aspx?mls=SFAR&listingRid=319924,4161 23rd St
http://mlax.rapmls.com/Gallery.aspx?mls=SFAR&listingRid=318759,1338 48th Ave
http://mlax.rapmls.com/Gallery.aspx?mls=SFAR&listingRid=321619,620 Prentiss St
http://mlax.rapmls.com/Gallery.aspx?mls=SFAR&listingRid=319093,539 Los Palmos Dr
http://mlax.rapmls.com/Gallery.aspx?mls=SFAR&listingRid=321899,112 Russ St
http://mlax.rapmls.com/Gallery.aspx?mls=SFAR&listingRid=318598,236 Shipley St #304
http://mlax.rapmls.com/Gallery.aspx?mls=SFAR&listingRid=322353,70 Tingley St
http://mlax.rapmls.com/Gallery.aspx?mls=SFAR&listingRid=322472,616 20th St #510
http://mlax.rapmls.com/Gallery.aspx?mls=SFAR&listingRid=321417,946 Stockton St #6B
http://mlax.rapmls.com/Gallery.aspx?mls=SFAR&listingRid=322363,1711 19th Ave
http://mlax.rapmls.com/Gallery.aspx?mls=SFAR&listingRid=322661,2259 44th Ave
http://mlax.rapmls.com/Gallery.aspx?mls=SFAR&listingRid=324085,5 Sunview Dr
http://mlax.rapmls.com/Gallery.aspx?mls=SFAR&listingRid=323318,601 Van Ness Ave #8
http://mlax.rapmls.com/Gallery.aspx?mls=SFAR&listingRid=320727,148 Cuvier St
http://mlax.rapmls.com/Gallery.aspx?mls=SFAR&listingRid=322280,1 Crescent Way #1109
http://mlax.rapmls.com/Gallery.aspx?mls=SFAR&listingRid=320670,218 Justin Dr
http://mlax.rapmls.com/Gallery.aspx?mls=SFAR&listingRid=323135,1846 38th Ave
http://mlax.rapmls.com/Gallery.aspx?mls=SFAR&listingRid=322682,945 Capp St #4
http://mlax.rapmls.com/Gallery.aspx?mls=SFAR&listingRid=320690,1655 48th Ave
http://mlax.rapmls.com/Gallery.aspx?mls=SFAR&listingRid=320725,375 Prentiss St
http://mlax.rapmls.com/Gallery.aspx?mls=SFAR&listingRid=321525,2628 Sutter St #A
http://mlax.rapmls.com/Gallery.aspx?mls=SFAR&listingRid=322052,145 Gardenside Dr #9
http://mlax.rapmls.com/Gallery.aspx?mls=SFAR&listingRid=322113,920 Baker St #A
http://mlax.rapmls.com/Gallery.aspx?mls=SFAR&listingRid=322151,1463 19th Ave
http://mlax.rapmls.com/Gallery.aspx?mls=SFAR&listingRid=322691,26 Staples Ave
http://mlax.rapmls.com/Gallery.aspx?mls=SFAR&listingRid=319810,1835 Franklin St #602
http://mlax.rapmls.com/Gallery.aspx?mls=SFAR&listingRid=320137,3184 Mission St #304
http://mlax.rapmls.com/Gallery.aspx?mls=SFAR&listingRid=320127,1425 43rd Ave
http://mlax.rapmls.com/Gallery.aspx?mls=SFAR&listingRid=323852,15 Sunview Dr
http://mlax.rapmls.com/Gallery.aspx?mls=SFAR&listingRid=323392,155 Lexington St
http://mlax.rapmls.com/Gallery.aspx?mls=SFAR&listingRid=323449,3839 Folsom St
http://mlax.rapmls.com/Gallery.aspx?mls=SFAR&listingRid=319875,430 Hayes #201
http://mlax.rapmls.com/Gallery.aspx?mls=SFAR&listingRid=318945,388 Fulton St #205
http://mlax.rapmls.com/Gallery.aspx?mls=SFAR&listingRid=318626,2512 23rd Ave
http://mlax.rapmls.com/Gallery.aspx?mls=SFAR&listingRid=319047,140 South Van Ness Ave #1022
http://mlax.rapmls.com/Gallery.aspx?mls=SFAR&listingRid=318443,921-A Florida St
http://mlax.rapmls.com/Gallery.aspx?mls=SFAR&listingRid=318115,319 Naples St
http://mlax.rapmls.com/Gallery.aspx?mls=SFAR&listingRid=318289,1119 Cayuga Ave
http://mlax.rapmls.com/Gallery.aspx?mls=SFAR&listingRid=323562,1463 40th Ave
http://mlax.rapmls.com/Gallery.aspx?mls=SFAR&listingRid=319670,789 Buena Vista Ave #202
http://mlax.rapmls.com/Gallery.aspx?mls=SFAR&listingRid=319726,166 Park St
http://mlax.rapmls.com/Gallery.aspx?mls=SFAR&listingRid=320908,1200 Gough St #7A
http://mlax.rapmls.com/Gallery.aspx?mls=SFAR&listingRid=319683,3133 Taraval St
http://mlax.rapmls.com/Gallery.aspx?mls=SFAR&listingRid=317792,317 29th St #303
http://mlax.rapmls.com/Gallery.aspx?mls=SFAR&listingRid=321024,236 Shipley St #202
http://mlax.rapmls.com/Gallery.aspx?mls=SFAR&listingRid=320842,601 Van Ness Ave #105
http://mlax.rapmls.com/Gallery.aspx?mls=SFAR&listingRid=319201,972 Plymouth Ave
http://mlax.rapmls.com/Gallery.aspx?mls=SFAR&listingRid=318866,1539 24th Ave
http://mlax.rapmls.com/Gallery.aspx?mls=SFAR&listingRid=318532,260 King St #671
http://mlax.rapmls.com/Gallery.aspx?mls=SFAR&listingRid=317765,1299 Bush St #403
http://mlax.rapmls.com/Gallery.aspx?mls=SFAR&listingRid=319531,431 Gates St
http://mlax.rapmls.com/Gallery.aspx?mls=SFAR&listingRid=318566,98 Mullen Ave
http://mlax.rapmls.com/Gallery.aspx?mls=SFAR&listingRid=318403,1708 Fulton St
http://mlax.rapmls.com/Gallery.aspx?mls=SFAR&listingRid=319833,155 Gardenside Dr #35
http://mlax.rapmls.com/Gallery.aspx?mls=SFAR&listingRid=318311,1651 24th Ave
http://mlax.rapmls.com/Gallery.aspx?mls=SFAR&listingRid=317693,350 Broderick St #304
http://mlax.rapmls.com/Gallery.aspx?mls=SFAR&listingRid=320498,388 Fulton St #302
http://mlax.rapmls.com/Gallery.aspx?mls=SFAR&listingRid=320156,53 Stillings Ave
http://mlax.rapmls.com/Gallery.aspx?mls=SFAR&listingRid=320806,140 South Van Ness Ave #840
http://mlax.rapmls.com/Gallery.aspx?mls=SFAR&listingRid=321275,1158 Sutter St #10
http://mlax.rapmls.com/Gallery.aspx?mls=SFAR&listingRid=319883,441 Myra Way
http://mlax.rapmls.com/Gallery.aspx?mls=SFAR&listingRid=323638,308 Sanchez St
http://mlax.rapmls.com/Gallery.aspx?mls=SFAR&listingRid=319025,191 Sussex St
http://mlax.rapmls.com/Gallery.aspx?mls=SFAR&listingRid=319120,148 Cole St
http://mlax.rapmls.com/Gallery.aspx?mls=SFAR&listingRid=318324,829 Balboa St
http://mlax.rapmls.com/Gallery.aspx?mls=SFAR&listingRid=319519,273 Chattanooga St
http://mlax.rapmls.com/Gallery.aspx?mls=SFAR&listingRid=318487,1680 Lombard St ##2
http://mlax.rapmls.com/Gallery.aspx?mls=SFAR&listingRid=321912,1587 15th St #401
http://mlax.rapmls.com/Gallery.aspx?mls=SFAR&listingRid=322664,1725 Noe St
http://mlax.rapmls.com/Gallery.aspx?mls=SFAR&listingRid=318882,2350 25th Ave
http://mlax.rapmls.com/Gallery.aspx?mls=SFAR&listingRid=319063,267 Ulloa St
http://mlax.rapmls.com/Gallery.aspx?mls=SFAR&listingRid=321524,1063 Capitol Ave #29
http://mlax.rapmls.com/Gallery.aspx?mls=SFAR&listingRid=319831,1595 Thomas St
http://mlax.rapmls.com/Gallery.aspx?mls=SFAR&listingRid=319331,1700 Lawton St
http://mlax.rapmls.com/Gallery.aspx?mls=SFAR&listingRid=320279,140 South Van Ness Ave #522
http://mlax.rapmls.com/Gallery.aspx?mls=SFAR&listingRid=319493,388 Fulton St #413
http://mlax.rapmls.com/Gallery.aspx?mls=SFAR&listingRid=321535,200 Portola Dr #102
http://mlax.rapmls.com/Gallery.aspx?mls=SFAR&listingRid=319495,388 Fulton St #511
http://mlax.rapmls.com/Gallery.aspx?mls=SFAR&listingRid=318878,205 Mullen Ave
http://mlax.rapmls.com/Gallery.aspx?mls=SFAR&listingRid=321762,792 19th Ave
http://mlax.rapmls.com/Gallery.aspx?mls=SFAR&listingRid=322808,463 Huron Ave
http://mlax.rapmls.com/Gallery.aspx?mls=SFAR&listingRid=319386,23-25 Brompton Ave
http://mlax.rapmls.com/Gallery.aspx?mls=SFAR&listingRid=324041,274 Athens St
http://mlax.rapmls.com/Gallery.aspx?mls=SFAR&listingRid=318809,350 Broderick St #208
http://mlax.rapmls.com/Gallery.aspx?mls=SFAR&listingRid=318607,236 Shipley St #402
http://mlax.rapmls.com/Gallery.aspx?mls=SFAR&listingRid=321100,558 28th Ave #202
http://mlax.rapmls.com/Gallery.aspx?mls=SFAR&listingRid=321876,1679 Church St
http://mlax.rapmls.com/Gallery.aspx?mls=SFAR&listingRid=323701,1474 34th Ave
http://mlax.rapmls.com/Gallery.aspx?mls=SFAR&listingRid=323718,531 Hill St
http://mlax.rapmls.com/Gallery.aspx?mls=SFAR&listingRid=323674,246 Missouri St
http://mlax.rapmls.com/Gallery.aspx?mls=SFAR&listingRid=321025,3026 Laguna St
http://mlax.rapmls.com/Gallery.aspx?mls=SFAR&listingRid=322804,77 Grand View Ave #301
http://mlax.rapmls.com/Gallery.aspx?mls=SFAR&listingRid=323059,1488 Harrison St #204
http://mlax.rapmls.com/Gallery.aspx?mls=SFAR&listingRid=320620,199 Tiffany Ave #203
http://mlax.rapmls.com/Gallery.aspx?mls=SFAR&listingRid=320150,2407 Harrison St #19
http://mlax.rapmls.com/Gallery.aspx?mls=SFAR&listingRid=319688,767 Corbett Ave #8
http://mlax.rapmls.com/Gallery.aspx?mls=SFAR&listingRid=323309,166 Molimo Dr
http://mlax.rapmls.com/Gallery.aspx?mls=SFAR&listingRid=323866,2202 Golden Gate Ave
http://mlax.rapmls.com/Gallery.aspx?mls=SFAR&listingRid=319583,2050 23rd Ave
http://mlax.rapmls.com/Gallery.aspx?mls=SFAR&listingRid=319509,1566 Fell St
http://mlax.rapmls.com/Gallery.aspx?mls=SFAR&listingRid=318860,378 29th Ave
http://mlax.rapmls.com/Gallery.aspx?mls=SFAR&listingRid=319071,70 Wilder St
http://mlax.rapmls.com/Gallery.aspx?mls=SFAR&listingRid=318613,652 Shotwell St
http://mlax.rapmls.com/Gallery.aspx?mls=SFAR&listingRid=318578,2600 18th St #3
http://mlax.rapmls.com/Gallery.aspx?mls=SFAR&listingRid=318469,637 Powell St #401
http://mlax.rapmls.com/Gallery.aspx?mls=SFAR&listingRid=319191,151 Alice B. Toklas Pl #402
http://mlax.rapmls.com/Gallery.aspx?mls=SFAR&listingRid=318172,1635 California St #41
http://mlax.rapmls.com/Gallery.aspx?mls=SFAR&listingRid=323391,4350 17th St
http://mlax.rapmls.com/Gallery.aspx?mls=SFAR&listingRid=320782,1350 California #304
http://mlax.rapmls.com/Gallery.aspx?mls=SFAR&listingRid=322076,579 34th Ave
http://mlax.rapmls.com/Gallery.aspx?mls=SFAR&listingRid=319806,2347 17th Ave
http://mlax.rapmls.com/Gallery.aspx?mls=SFAR&listingRid=323109,375 Park St
http://mlax.rapmls.com/Gallery.aspx?mls=SFAR&listingRid=320599,656 Vermont St
http://mlax.rapmls.com/Gallery.aspx?mls=SFAR&listingRid=318911,629 Broderick St
http://mlax.rapmls.com/Gallery.aspx?mls=SFAR&listingRid=319039,827 Balboa St
http://mlax.rapmls.com/Gallery.aspx?mls=SFAR&listingRid=319187,1863 19th Ave
http://mlax.rapmls.com/Gallery.aspx?mls=SFAR&listingRid=319419,152 Lombard St #207
http://mlax.rapmls.com/Gallery.aspx?mls=SFAR&listingRid=321310,1080 Church St
http://mlax.rapmls.com/Gallery.aspx?mls=SFAR&listingRid=320969,2719 Pine St
http://mlax.rapmls.com/Gallery.aspx?mls=SFAR&listingRid=320593,1515 15th St #407
http://mlax.rapmls.com/Gallery.aspx?mls=SFAR&listingRid=320556,2308 35th Ave
http://mlax.rapmls.com/Gallery.aspx?mls=SFAR&listingRid=319762,377 Oak St
http://mlax.rapmls.com/Gallery.aspx?mls=SFAR&listingRid=318456,11 Franklin #703
http://mlax.rapmls.com/Gallery.aspx?mls=SFAR&listingRid=323874,1916 Great Highway Hwy
http://mlax.rapmls.com/Gallery.aspx?mls=SFAR&listingRid=324027,259 Clara St #401
http://mlax.rapmls.com/Gallery.aspx?mls=SFAR&listingRid=319741,338 Potrero Ave #309
http://mlax.rapmls.com/Gallery.aspx?mls=SFAR&listingRid=317719,1380 Greenwich St #109
http://mlax.rapmls.com/Gallery.aspx?mls=SFAR&listingRid=324034,250 King St #474
http://mlax.rapmls.com/Gallery.aspx?mls=SFAR&listingRid=323780,374 Guerrero St #1
http://mlax.rapmls.com/Gallery.aspx?mls=SFAR&listingRid=322544,2595 Clay St #1
http://mlax.rapmls.com/Gallery.aspx?mls=SFAR&listingRid=323153,4322 17th St #B
http://mlax.rapmls.com/Gallery.aspx?mls=SFAR&listingRid=320563,170 King St #1106
http://mlax.rapmls.com/Gallery.aspx?mls=SFAR&listingRid=320583,55 Conrad St
http://mlax.rapmls.com/Gallery.aspx?mls=SFAR&listingRid=318594,1382 Page St #2
http://mlax.rapmls.com/Gallery.aspx?mls=SFAR&listingRid=318488,1543 Dolores St
http://mlax.rapmls.com/Gallery.aspx?mls=SFAR&listingRid=319340,2775 Greenwich St
http://mlax.rapmls.com/Gallery.aspx?mls=SFAR&listingRid=318200,10 Levant St
http://mlax.rapmls.com/Gallery.aspx?mls=SFAR&listingRid=323797,429 Carl St
http://mlax.rapmls.com/Gallery.aspx?mls=SFAR&listingRid=323773,1151 Sutter St #301
http://mlax.rapmls.com/Gallery.aspx?mls=SFAR&listingRid=321452,448 Anderson St
http://mlax.rapmls.com/Gallery.aspx?mls=SFAR&listingRid=321693,1590 22nd Ave
http://mlax.rapmls.com/Gallery.aspx?mls=SFAR&listingRid=322477,45 Montecito Ave
http://mlax.rapmls.com/Gallery.aspx?mls=SFAR&listingRid=320961,419 31st Ave
http://mlax.rapmls.com/Gallery.aspx?mls=SFAR&listingRid=319357,530 Chestnut St #C312
http://mlax.rapmls.com/Gallery.aspx?mls=SFAR&listingRid=321657,338 Potrero Ave #503
http://mlax.rapmls.com/Gallery.aspx?mls=SFAR&listingRid=318523,300 3rd St #520
http://mlax.rapmls.com/Gallery.aspx?mls=SFAR&listingRid=318393,1573 Waller
http://mlax.rapmls.com/Gallery.aspx?mls=SFAR&listingRid=322645,338 Potrero Ave #508
http://mlax.rapmls.com/Gallery.aspx?mls=SFAR&listingRid=323122,4132 3rd St #6
http://mlax.rapmls.com/Gallery.aspx?mls=SFAR&listingRid=322352,2511 25th Ave
http://mlax.rapmls.com/Gallery.aspx?mls=SFAR&listingRid=323514,2382 Union St
http://mlax.rapmls.com/Gallery.aspx?mls=SFAR&listingRid=318921,3011 20th St #2
http://mlax.rapmls.com/Gallery.aspx?mls=SFAR&listingRid=320729,801 Indiana St #363
http://mlax.rapmls.com/Gallery.aspx?mls=SFAR&listingRid=321218,1630 34th Ave
http://mlax.rapmls.com/Gallery.aspx?mls=SFAR&listingRid=321711,465 10th St #206
http://mlax.rapmls.com/Gallery.aspx?mls=SFAR&listingRid=322322,152 Lombard St #304
http://mlax.rapmls.com/Gallery.aspx?mls=SFAR&listingRid=324047,132 Collins St
http://mlax.rapmls.com/Gallery.aspx?mls=SFAR&listingRid=323132,335 Clipper St
http://mlax.rapmls.com/Gallery.aspx?mls=SFAR&listingRid=323165,338 Potrero Ave #206
http://mlax.rapmls.com/Gallery.aspx?mls=SFAR&listingRid=323846,960 Wisconsin St
http://mlax.rapmls.com/Gallery.aspx?mls=SFAR&listingRid=318761,58 Allen St
http://mlax.rapmls.com/Gallery.aspx?mls=SFAR&listingRid=319059,261 Henry St #A
http://mlax.rapmls.com/Gallery.aspx?mls=SFAR&listingRid=319211,1252 South Van Ness Ave
http://mlax.rapmls.com/Gallery.aspx?mls=SFAR&listingRid=318402,1365 16th Ave
http://mlax.rapmls.com/Gallery.aspx?mls=SFAR&listingRid=316855,355 1st St #s204
http://mlax.rapmls.com/Gallery.aspx?mls=SFAR&listingRid=317792,11 Franklin St #406
http://mlax.rapmls.com/Gallery.aspx?mls=SFAR&listingRid=323796,527 Holly Park Cir
http://mlax.rapmls.com/Gallery.aspx?mls=SFAR&listingRid=322467,45 Bartlett St #410
http://mlax.rapmls.com/Gallery.aspx?mls=SFAR&listingRid=318891,45 Bartlett St #507
http://mlax.rapmls.com/Gallery.aspx?mls=SFAR&listingRid=323639,2134 Green St #3
http://mlax.rapmls.com/Gallery.aspx?mls=SFAR&listingRid=320918,250 King St #872
http://mlax.rapmls.com/Gallery.aspx?mls=SFAR&listingRid=324011,68 Harriet St #13
http://mlax.rapmls.com/Gallery.aspx?mls=SFAR&listingRid=321689,8 Buchanan St #601
http://mlax.rapmls.com/Gallery.aspx?mls=SFAR&listingRid=321914,199 Cresta Vista Dr
http://mlax.rapmls.com/Gallery.aspx?mls=SFAR&listingRid=322547,330 N Mission Bay Blvd #405
http://mlax.rapmls.com/Gallery.aspx?mls=SFAR&listingRid=322654,2315 Divisadero St #C
http://mlax.rapmls.com/Gallery.aspx?mls=SFAR&listingRid=318141,12 Auburn St
http://mlax.rapmls.com/Gallery.aspx?mls=SFAR&listingRid=318597,12 Auburn St
http://mlax.rapmls.com/Gallery.aspx?mls=SFAR&listingRid=321443,1565 Sacramento St #6
http://mlax.rapmls.com/Gallery.aspx?mls=SFAR&listingRid=321622,1776 Sacramento St #605
http://mlax.rapmls.com/Gallery.aspx?mls=SFAR&listingRid=322154,631 Folsom St #6C
http://mlax.rapmls.com/Gallery.aspx?mls=SFAR&listingRid=317830,329 Bay St #307
http://mlax.rapmls.com/Gallery.aspx?mls=SFAR&listingRid=322020,26 St Marys Ave
http://mlax.rapmls.com/Gallery.aspx?mls=SFAR&listingRid=321490,338 Potrero Ave #509
http://mlax.rapmls.com/Gallery.aspx?mls=SFAR&listingRid=321537,521 Cayuga Ave
http://mlax.rapmls.com/Gallery.aspx?mls=SFAR&listingRid=319208,520 Chestnut St #102
http://mlax.rapmls.com/Gallery.aspx?mls=SFAR&listingRid=322094,631 Folsom St #8C
http://mlax.rapmls.com/Gallery.aspx?mls=SFAR&listingRid=322063,338 Potrero Ave #609
http://mlax.rapmls.com/Gallery.aspx?mls=SFAR&listingRid=321687,451 Kansas St #382
http://mlax.rapmls.com/Gallery.aspx?mls=SFAR&listingRid=319735,3087 22nd St
http://mlax.rapmls.com/Gallery.aspx?mls=SFAR&listingRid=323580,324 Arguello Blvd #2
http://mlax.rapmls.com/Gallery.aspx?mls=SFAR&listingRid=324090,170 King St #711
http://mlax.rapmls.com/Gallery.aspx?mls=SFAR&listingRid=323633,3191 Washington St #5
http://mlax.rapmls.com/Gallery.aspx?mls=SFAR&listingRid=321458,530 Chestnut St #C408
http://mlax.rapmls.com/Gallery.aspx?mls=SFAR&listingRid=322698,1895 Pacific Ave #306
http://mlax.rapmls.com/Gallery.aspx?mls=SFAR&listingRid=318209,1000 North Point St #1007
http://mlax.rapmls.com/Gallery.aspx?mls=SFAR&listingRid=318158,630 Sloat Blvd
http://mlax.rapmls.com/Gallery.aspx?mls=SFAR&listingRid=323642,801 Indiana St #561
http://mlax.rapmls.com/Gallery.aspx?mls=SFAR&listingRid=318628,170 King St #602
http://mlax.rapmls.com/Gallery.aspx?mls=SFAR&listingRid=319722,555 Fulton St #313
http://mlax.rapmls.com/Gallery.aspx?mls=SFAR&listingRid=320577,255 Edgehill Way
http://mlax.rapmls.com/Gallery.aspx?mls=SFAR&listingRid=320821,403 Main St #215
http://mlax.rapmls.com/Gallery.aspx?mls=SFAR&listingRid=318187,90 Entrada Ct
http://mlax.rapmls.com/Gallery.aspx?mls=SFAR&listingRid=320974,1913 Stockton St
http://mlax.rapmls.com/Gallery.aspx?mls=SFAR&listingRid=320780,368 Elm St #305
http://mlax.rapmls.com/Gallery.aspx?mls=SFAR&listingRid=320141,1160 Mission St #1114
http://mlax.rapmls.com/Gallery.aspx?mls=SFAR&listingRid=321671,451 Kansas St #512
http://mlax.rapmls.com/Gallery.aspx?mls=SFAR&listingRid=323162,1868 Van Ness #201
http://mlax.rapmls.com/Gallery.aspx?mls=SFAR&listingRid=319895,1275 Indiana St #405
http://mlax.rapmls.com/Gallery.aspx?mls=SFAR&listingRid=319005,55 Page St #317
http://mlax.rapmls.com/Gallery.aspx?mls=SFAR&listingRid=324018,235 Berry #704
http://mlax.rapmls.com/Gallery.aspx?mls=SFAR&listingRid=324025,300 Berry St #1210
http://mlax.rapmls.com/Gallery.aspx?mls=SFAR&listingRid=323878,88 Manchester St
http://mlax.rapmls.com/Gallery.aspx?mls=SFAR&listingRid=323619,400 Beale #1301
http://mlax.rapmls.com/Gallery.aspx?mls=SFAR&listingRid=323930,850 Powell St #102
http://mlax.rapmls.com/Gallery.aspx?mls=SFAR&listingRid=320659,2689 Pine
http://mlax.rapmls.com/Gallery.aspx?mls=SFAR&listingRid=320845,45 Bartlett St #207
http://mlax.rapmls.com/Gallery.aspx?mls=SFAR&listingRid=321883,62 Ramona Ave
http://mlax.rapmls.com/Gallery.aspx?mls=SFAR&listingRid=322324,1117 Hampshire
http://mlax.rapmls.com/Gallery.aspx?mls=SFAR&listingRid=322706,550 Stanyan St #7
http://mlax.rapmls.com/Gallery.aspx?mls=SFAR&listingRid=323113,403 Main St #203N
http://mlax.rapmls.com/Gallery.aspx?mls=SFAR&listingRid=320224,430 Fell St
http://mlax.rapmls.com/Gallery.aspx?mls=SFAR&listingRid=323379,2762-64 23rd St
http://mlax.rapmls.com/Gallery.aspx?mls=SFAR&listingRid=323362,20 Bessie St
http://mlax.rapmls.com/Gallery.aspx?mls=SFAR&listingRid=319135,121 29th St
http://mlax.rapmls.com/Gallery.aspx?mls=SFAR&listingRid=323609,250 King St #702
http://mlax.rapmls.com/Gallery.aspx?mls=SFAR&listingRid=320757,130 Roanoke
http://mlax.rapmls.com/Gallery.aspx?mls=SFAR&listingRid=320804,1655 Chestnut St #302
http://mlax.rapmls.com/Gallery.aspx?mls=SFAR&listingRid=322291,50 Lansing St #407
http://mlax.rapmls.com/Gallery.aspx?mls=SFAR&listingRid=320516,130 Roanoke St
http://mlax.rapmls.com/Gallery.aspx?mls=SFAR&listingRid=323223,50 Lansing St #703
http://mlax.rapmls.com/Gallery.aspx?mls=SFAR&listingRid=320189,1462 27th Ave
http://mlax.rapmls.com/Gallery.aspx?mls=SFAR&listingRid=323357,1185 Rhode Island St
http://mlax.rapmls.com/Gallery.aspx?mls=SFAR&listingRid=319118,143 Buchanan St
http://mlax.rapmls.com/Gallery.aspx?mls=SFAR&listingRid=323937,290 Rutledge St
http://mlax.rapmls.com/Gallery.aspx?mls=SFAR&listingRid=321769,60 Rausch St #304
http://mlax.rapmls.com/Gallery.aspx?mls=SFAR&listingRid=321806,1160 Mission St #513
http://mlax.rapmls.com/Gallery.aspx?mls=SFAR&listingRid=323237,660 Natoma St #4
http://mlax.rapmls.com/Gallery.aspx?mls=SFAR&listingRid=319652,2111 Bush St
http://mlax.rapmls.com/Gallery.aspx?mls=SFAR&listingRid=321627,1080 Sutter St #1002
http://mlax.rapmls.com/Gallery.aspx?mls=SFAR&listingRid=319140,333 1st St #1701
http://mlax.rapmls.com/Gallery.aspx?mls=SFAR&listingRid=319381,730 San Bruno Ave
http://mlax.rapmls.com/Gallery.aspx?mls=SFAR&listingRid=319397,453 Teresita Blvd
http://mlax.rapmls.com/Gallery.aspx?mls=SFAR&listingRid=319413,786 Minna St #10
http://mlax.rapmls.com/Gallery.aspx?mls=SFAR&listingRid=318156,1679 Dolores St
,Address not found
http://mlax.rapmls.com/Gallery.aspx?mls=SFAR&listingRid=323964,355 1st St #1002
http://mlax.rapmls.com/Gallery.aspx?mls=SFAR&listingRid=322540,87 Virgil St
http://mlax.rapmls.com/Gallery.aspx?mls=SFAR&listingRid=323131,1520 6th Ave
http://mlax.rapmls.com/Gallery.aspx?mls=SFAR&listingRid=319239,555 4th St #613
http://mlax.rapmls.com/Gallery.aspx?mls=SFAR&listingRid=318283,64 Carver St