urls,Address,City-State-Zip,Neighborhood,Property-type,Bed-bath,Offer-price,Co-owners,Monthly-cost,Tax-savings,Down-payment,Description,Agent,Gallery-url
https://app.realtaasa.com/homes/property/CA/San-Francisco/28-Redondo-St-94124/dc2244d11afe8ac9350a,,,,,,,,,,,,,
https://app.realtaasa.com/homes/property/CA/San-Francisco/370-Stoneridge-Ln-94134/eb8fb9e16fd29afafe8d,,,,,,,,,,,,,
https://app.realtaasa.com/homes/property/CA/San-Francisco/8300-Oceanview-Ter-205-94132/c19e70891e35e418b4a5,,,,,,,,,,,,,
https://app.realtaasa.com/homes/property/CA/San-Francisco/678-Moscow-St-94112/bf0956250a33ad599441,,,,,,,,,,,,,
https://app.realtaasa.com/homes/property/CA/San-Francisco/1891-48th-Ave-94122/2973015c3b0be53d65d4,,,,,,,,,,,,,
https://app.realtaasa.com/homes/property/CA/San-Francisco/104-Trumbull-St-94112/cbde3d1de7dcf17b64b2,,,,,,,,,,,,,
https://app.realtaasa.com/homes/property/CA/San-Francisco/1514-Quesada-Ave-94124/b1f05c3969e9c4d940d5,,,,,,,,,,,,,
https://app.realtaasa.com/homes/property/CA/San-Francisco/215-Red-Rock-Way-J204-94131/ae59be2c36c37b73fa3c,,,,,,,,,,,,,
https://app.realtaasa.com/homes/property/CA/San-Francisco/875-La-Playa-St-383-94121/71aabf10d2f48c5eb0e4,,,,,,,,,,,,,
https://app.realtaasa.com/homes/property/CA/San-Francisco/874-Silver-Ave-94134/c1d8391215af65209f43,,,,,,,,,,,,,
https://app.realtaasa.com/homes/property/CA/San-Francisco/227-Panorama-Dr-94131/3d7364c4cf010a9dbddf,,,,,,,,,,,,,
https://app.realtaasa.com/homes/property/CA/San-Francisco/167-Vienna-St-94112/288959a55ebb1c546f9e,,,,,,,,,,,,,
https://app.realtaasa.com/homes/property/CA/San-Francisco/519-Garfield-St-94132/2ed79b4698ceebfaac4e,,,,,,,,,,,,,
https://app.realtaasa.com/homes/property/CA/San-Francisco/2247-45th-Ave-94116/8646f53abf67964e4435,,,,,,,,,,,,,
https://app.realtaasa.com/homes/property/CA/San-Francisco/1884-Bush-St-94109/f2d84a8186f7d3e18ea6,,,,,,,,,,,,,
https://app.realtaasa.com/homes/property/CA/San-Francisco/747-Lyon-St-2-94115/1171b56211e0d64c196f,,,,,,,,,,,,,
https://app.realtaasa.com/homes/property/CA/San-Francisco/1215-Kirkham-St-94122/d117505e6e4a94fcebef,,,,,,,,,,,,,
https://app.realtaasa.com/homes/property/CA/San-Francisco/619-Haight-St-94117/85cf9b0e2eeba8a2c128,,,,,,,,,,,,,
https://app.realtaasa.com/homes/property/CA/San-Francisco/50-Jerrold-Ave-409-94124/99a7b047a42042f90911,,,,,,,,,,,,,
https://app.realtaasa.com/homes/property/CA/San-Francisco/3861-25th-St-94114/ec718460ae5da718a32c,,,,,,,,,,,,,
https://app.realtaasa.com/homes/property/CA/San-Francisco/1117-Alabama-St-A-94110/fcb7b36490cf11827406,,,,,,,,,,,,,
https://app.realtaasa.com/homes/property/CA/San-Francisco/887-47th-Ave-94121/2852d3190e4dcac97d8b,,,,,,,,,,,,,
https://app.realtaasa.com/homes/property/CA/San-Francisco/20-Meadowbrook-Dr-94132/fa9ea5f0f989b31c7646,,,,,,,,,,,,,
https://app.realtaasa.com/homes/property/CA/San-Francisco/1237-Chestnut-St-5-94109/e7a09e80023373a060bf,,,,,,,,,,,,,
https://app.realtaasa.com/homes/property/CA/San-Francisco/817-Masonic-Ave-817-94117/ea282c4aac20e1bbeef9,,,,,,,,,,,,,
https://app.realtaasa.com/homes/property/CA/San-Francisco/195-25th-Ave-101-94121/affb2e722a3601afadef,,,,,,,,,,,,,
https://app.realtaasa.com/homes/property/CA/San-Francisco/192-Coleman-St-94124/96a79a24d36106b7345a,,,,,,,,,,,,,
https://app.realtaasa.com/homes/property/CA/San-Francisco/156-Guerrero-St-101-94103/8aa1bf1719ffc9f3451c,,,,,,,,,,,,,
https://app.realtaasa.com/homes/property/CA/San-Francisco/111-Monterey-Blvd-94131/8f3ca52b79917483d4a3,,,,,,,,,,,,,
https://app.realtaasa.com/homes/property/CA/San-Francisco/710-17th-Ave-94121/0363fe7bc59fa43182b5,,,,,,,,,,,,,
https://app.realtaasa.com/homes/property/CA/San-Francisco/701-Minna-St-14-94103/ef462c537b4677c23635,,,,,,,,,,,,,
https://app.realtaasa.com/homes/property/CA/San-Francisco/2032-Ellis-St-94107/0bfbb8365689a7cb157a,,,,,,,,,,,,,
https://app.realtaasa.com/homes/property/CA/San-Francisco/88-King-St-110-94107/83f30bb0dc0d3f621129,,,,,,,,,,,,,
https://app.realtaasa.com/homes/property/CA/San-Francisco/1483-Sutter-St-404-94109/f5cc826d652ae17477ca,,,,,,,,,,,,,
https://app.realtaasa.com/homes/property/CA/San-Francisco/10-Miller-Pl-701-94108/53fd3c6287cdaea553f7,,,,,,,,,,,,,
https://app.realtaasa.com/homes/property/CA/San-Francisco/2040-Sutter-St-301-94115/9973c4d1e516a12c42ac,,,,,,,,,,,,,
https://app.realtaasa.com/homes/property/CA/San-Francisco/401-Harrison-St-7F-94105/3213f91c8901355d4992,,,,,,,,,,,,,
https://app.realtaasa.com/homes/property/CA/San-Francisco/1441-Jones-St-304-94109/7f8441f8ae116d1fc0ae,,,,,,,,,,,,,
https://app.realtaasa.com/homes/property/CA/San-Francisco/190-7th-St-2-94103/b7d292cccfe6d291329f,,,,,,,,,,,,,
https://app.realtaasa.com/homes/property/CA/San-Francisco/1545-Pine-St-707-94109/cd2ac2e0c9147430c9e4,,,,,,,,,,,,,
https://app.realtaasa.com/homes/property/CA/San-Francisco/110-Channel-St-102-94158/a9b122ca88dd4fba61e9,,,,,,,,,,,,,
https://app.realtaasa.com/homes/property/CA/San-Francisco/1000-3rd-St-822-94158/b09a42418bf3124c538a,,,,,,,,,,,,,
https://app.realtaasa.com/homes/property/CA/San-Francisco/1141-Church-St-94114/5cd045dc1c8f582c1ad4,,,,,,,,,,,,,
https://app.realtaasa.com/homes/property/CA/San-Francisco/1000-3rd-St-403-94158/64ad1c7171933cc6a9cf,,,,,,,,,,,,,
https://app.realtaasa.com/homes/property/CA/San-Francisco/44-Valley-St-94110/d8ecd54eaa556f18bc5d,,,,,,,,,,,,,
https://app.realtaasa.com/homes/property/CA/San-Francisco/584-586-Mississippi-St-94107/723e02b3954c36a21fb0,,,,,,,,,,,,,
https://app.realtaasa.com/homes/property/CA/San-Francisco/8-14-Cypress-St-94110/406147b6e67193f211b9,,,,,,,,,,,,,
https://app.realtaasa.com/homes/property/CA/San-Francisco/1545-Pine-St-209-94109/2b37115181e60887cdef,,,,,,,,,,,,,
https://app.realtaasa.com/homes/property/CA/San-Francisco/201-Folsom-St-23E-94105/c135d927f89a3ae7b332,,,,,,,,,,,,,
https://app.realtaasa.com/homes/property/CA/San-Francisco/219-Brannan-St-16K-94107/3a5ef308cdb491fad012,,,,,,,,,,,,,
https://app.realtaasa.com/homes/property/CA/San-Francisco/955-Wisconsin-St-94107/7d74955643da8fdb2134,,,,,,,,,,,,,
https://app.realtaasa.com/homes/property/CA/San-Francisco/2121-Webster-St-308-94115/c079d28200debb183fd0,,,,,,,,,,,,,
https://app.realtaasa.com/homes/property/CA/San-Francisco/425-1st-St-5302-94105/403fd7c541442f943681,,,,,,,,,,,,,
https://app.realtaasa.com/homes/property/CA/San-Francisco/1251-Revere-Ave-94124/948b616194566685b79e,,,,,,,,,,,,,
https://app.realtaasa.com/homes/property/CA/San-Francisco/613-La-Salle-Ave-68-94124/517c54d417479b38a430,,,,,,,,,,,,,
https://app.realtaasa.com/homes/property/CA/San-Francisco/1622-Ingalls-St-94124/c707e9ddd75490dbe89d,,,,,,,,,,,,,
https://app.realtaasa.com/homes/property/CA/San-Francisco/1420-Webster-St-2-94115/3983170db80fa4d14330,,,,,,,,,,,,,
https://app.realtaasa.com/homes/property/CA/San-Francisco/1879-Palou-Ave-94124/262211e8c5cecd4e06bf,,,,,,,,,,,,,
https://app.realtaasa.com/homes/property/CA/San-Francisco/109-Miramar-Ave-94112/54a0a5c7b40b3cef5959,,,,,,,,,,,,,
https://app.realtaasa.com/homes/property/CA/San-Francisco/4451-Mission-St-301-94112/c294c89e1f493d135841,,,,,,,,,,,,,
https://app.realtaasa.com/homes/property/CA/San-Francisco/1941-48th-Ave-94116/a7f6b763a5fcf9646863,,,,,,,,,,,,,
https://app.realtaasa.com/homes/property/CA/San-Francisco/75-Brighton-Ave-94122/228e503e598999b54d27,,,,,,,,,,,,,
https://app.realtaasa.com/homes/property/CA/San-Francisco/140-Ocean-Ave-94112/d9696bde0d58d304c6fe,,,,,,,,,,,,,
https://app.realtaasa.com/homes/property/CA/San-Francisco/1523-41st-Ave-94122/98344b4eecee871c9941,,,,,,,,,,,,,
https://app.realtaasa.com/homes/property/CA/San-Francisco/215-Bradford-St-94110/4a4dd8af1d20371a5532,,,,,,,,,,,,,
https://app.realtaasa.com/homes/property/CA/San-Francisco/2574-44th-Ave-94116/4c4c80b3bdb963eec496,,,,,,,,,,,,,
https://app.realtaasa.com/homes/property/CA/San-Francisco/39-Brewster-St-94110/5cc6ae995c0d5b0e9289,,,,,,,,,,,,,
https://app.realtaasa.com/homes/property/CA/San-Francisco/144-Putnam-St-94110/2ef97942c84d39dde520,,,,,,,,,,,,,
https://app.realtaasa.com/homes/property/CA/San-Francisco/849-44th-Ave-94121/7ddfa1b7f552a7647a79,,,,,,,,,,,,,
https://app.realtaasa.com/homes/property/CA/San-Francisco/476-Joost-Ave-94127/e982b48a9bab4e90af30,,,,,,,,,,,,,
https://app.realtaasa.com/homes/property/CA/San-Francisco/1951-9th-Ave-94116/9825fa56c018d4743e2c,,,,,,,,,,,,,
https://app.realtaasa.com/homes/property/CA/San-Francisco/2300-34th-Ave-94116/597c164df8118377258f,,,,,,,,,,,,,
https://app.realtaasa.com/homes/property/CA/San-Francisco/29-Levant-94114/14aa56f3e1ca728a79f5,,,,,,,,,,,,,
https://app.realtaasa.com/homes/property/CA/San-Francisco/490-Joost-Ave-94127/2aaf51c9f8f622994bf2,,,,,,,,,,,,,
https://app.realtaasa.com/homes/property/CA/San-Francisco/4045-Ocean-Ave-94132/86010eadb33aedd2c73c,,,,,,,,,,,,,
https://app.realtaasa.com/homes/property/CA/San-Francisco/396-Guerrero-St-94103/950d617dc5133afd52dc,,,,,,,,,,,,,
https://app.realtaasa.com/homes/property/CA/San-Francisco/28-Winfield-St-94110/194369c95e811ef1a894,,,,,,,,,,,,,
https://app.realtaasa.com/homes/property/CA/San-Francisco/650-Chestnut-St-405-94133/d95252f40b1ff88592b4,,,,,,,,,,,,,
https://app.realtaasa.com/homes/property/CA/San-Francisco/2172-Fell-St-94117/8b88ce902a11e04aecb9,,,,,,,,,,,,,
https://app.realtaasa.com/homes/property/CA/San-Francisco/2125-Bryant-St-308-94110/42c230db2bb671aa450e,,,,,,,,,,,,,
https://app.realtaasa.com/homes/property/CA/San-Francisco/110-Montcalm-St-94110/f4935a62bcf6a2138f79,,,,,,,,,,,,,
https://app.realtaasa.com/homes/property/CA/San-Francisco/3583-Sacramento-St-94118/210eb4df86be8e148678,,,,,,,,,,,,,
https://app.realtaasa.com/homes/property/CA/San-Francisco/152-Fairmount-St-94131/0e2f55a5793f1301dade,,,,,,,,,,,,,
https://app.realtaasa.com/homes/property/CA/San-Francisco/148-Lower-Ter-94114/2e0a4fcfbea50bf4f449,,,,,,,,,,,,,
https://app.realtaasa.com/homes/property/CA/San-Francisco/2241-Sacramento-St-5-94115/d68b14e24a10b852df3d,,,,,,,,,,,,,
https://app.realtaasa.com/homes/property/CA/San-Francisco/861-27th-St-94131/7a52acd443a3b275b8da,,,,,,,,,,,,,
https://app.realtaasa.com/homes/property/CA/San-Francisco/225-Laguna-St-94102/33e82446bda635e6e22d,,,,,,,,,,,,,
https://app.realtaasa.com/homes/property/CA/San-Francisco/407-Missouri-St-94107/76202e7c545c71f41899,,,,,,,,,,,,,
https://app.realtaasa.com/homes/property/CA/San-Francisco/221-Chenery-St-94131/e1c012d41aebdaea8cc2,,,,,,,,,,,,,
https://app.realtaasa.com/homes/property/CA/San-Francisco/1450-Franklin-St-1302-94109/84cc04d930a8c8fcb89e,,,,,,,,,,,,,
https://app.realtaasa.com/homes/property/CA/San-Francisco/2230-Bush-St-94115/dc2244d11afe8ac9350a,,,,,,,,,,,,,
https://app.realtaasa.com/homes/property/CA/San-Francisco/1070-Green-St-1501-94133/eb8fb9e16fd29afafe8d,,,,,,,,,,,,,
https://app.realtaasa.com/homes/property/CA/San-Francisco/301-Main-St-37B-94105/c19e70891e35e418b4a5,,,,,,,,,,,,,
https://app.realtaasa.com/homes/property/CA/San-Francisco/106-108-Sadowa-St-94112/bf0956250a33ad599441,,,,,,,,,,,,,
https://app.realtaasa.com/homes/property/CA/San-Francisco/131-Raymond-Ave-94134/2973015c3b0be53d65d4,,,,,,,,,,,,,
https://app.realtaasa.com/homes/property/CA/San-Francisco/4-Richards-Cir-94124/cbde3d1de7dcf17b64b2,,,,,,,,,,,,,
https://app.realtaasa.com/homes/property/CA/San-Francisco/900-Girard-St-94134/b1f05c3969e9c4d940d5,,,,,,,,,,,,,
https://app.realtaasa.com/homes/property/CA/San-Francisco/561-Hearst-Ave-94112/c1d8391215af65209f43,,,,,,,,,,,,,
https://app.realtaasa.com/homes/property/CA/San-Francisco/801-Excelsior-Ave-94112/ae59be2c36c37b73fa3c,,,,,,,,,,,,,
https://app.realtaasa.com/homes/property/CA/San-Francisco/190-Mary-Teresa-St-2-94134/71aabf10d2f48c5eb0e4,,,,,,,,,,,,,
https://app.realtaasa.com/homes/property/CA/San-Francisco/827-46th-Ave-94121/3d7364c4cf010a9dbddf,,,,,,,,,,,,,
https://app.realtaasa.com/homes/property/CA/San-Francisco/460-Lansdale-Ave-94127/288959a55ebb1c546f9e,,,,,,,,,,,,,
https://app.realtaasa.com/homes/property/CA/San-Francisco/109-Turquoise-Way-94131/2ed79b4698ceebfaac4e,,,,,,,,,,,,,
https://app.realtaasa.com/homes/property/CA/San-Francisco/7935-Geary-Blvd-94121/8646f53abf67964e4435,,,,,,,,,,,,,
https://app.realtaasa.com/homes/property/CA/San-Francisco/110-Steiner-St-94117/f2d84a8186f7d3e18ea6,,,,,,,,,,,,,
https://app.realtaasa.com/homes/property/CA/San-Francisco/556-Elizabeth-St-94114/1171b56211e0d64c196f,,,,,,,,,,,,,
https://app.realtaasa.com/homes/property/CA/San-Francisco/1150-Lombard-St-8-94109/d117505e6e4a94fcebef,,,,,,,,,,,,,
https://app.realtaasa.com/homes/property/CA/San-Francisco/1661-Beach-St-94123/ec718460ae5da718a32c,,,,,,,,,,,,,
https://app.realtaasa.com/homes/property/CA/San-Francisco/4545-25th-St-94114/85cf9b0e2eeba8a2c128,,,,,,,,,,,,,
https://app.realtaasa.com/homes/property/CA/San-Francisco/2151-Laguna-St-3-94115/99a7b047a42042f90911,,,,,,,,,,,,,
https://app.realtaasa.com/homes/property/CA/San-Francisco/69-Bitting-Ave-94124/fcb7b36490cf11827406,,,,,,,,,,,,,
https://app.realtaasa.com/homes/property/CA/San-Francisco/148-16th-Ave-94118/2852d3190e4dcac97d8b,,,,,,,,,,,,,
https://app.realtaasa.com/homes/property/CA/San-Francisco/12-Garnett-Ter-94124/fa9ea5f0f989b31c7646,,,,,,,,,,,,,
https://app.realtaasa.com/homes/property/CA/San-Francisco/451-Kansas-St-328-94107/e7a09e80023373a060bf,,,,,,,,,,,,,
https://app.realtaasa.com/homes/property/CA/San-Francisco/3912-3914-Cesar-Chavez-St-94131/ea282c4aac20e1bbeef9,,,,,,,,,,,,,
https://app.realtaasa.com/homes/property/CA/San-Francisco/55-Ora-Way-308B-94131/affb2e722a3601afadef,,,,,,,,,,,,,
https://app.realtaasa.com/homes/property/CA/San-Francisco/888-7th-St-207-94107/96a79a24d36106b7345a,,,,,,,,,,,,,
https://app.realtaasa.com/homes/property/CA/San-Francisco/41-Kiska-Rd-94124/8aa1bf1719ffc9f3451c,,,,,,,,,,,,,
https://app.realtaasa.com/homes/property/CA/San-Francisco/2916-Arelious-Walker-Dr-6-94124/8f3ca52b79917483d4a3,,,,,,,,,,,,,
https://app.realtaasa.com/homes/property/CA/San-Francisco/855-Folsom-St-342-94107/0363fe7bc59fa43182b5,,,,,,,,,,,,,
https://app.realtaasa.com/homes/property/CA/San-Francisco/270-Valencia-St-401-94103/ef462c537b4677c23635,,,,,,,,,,,,,
https://app.realtaasa.com/homes/property/CA/San-Francisco/126-Dolphin-Ct-94124/0bfbb8365689a7cb157a,,,,,,,,,,,,,
https://app.realtaasa.com/homes/property/CA/San-Francisco/1335-Laguna-St-6-94115/f5cc826d652ae17477ca,,,,,,,,,,,,,
https://app.realtaasa.com/homes/property/CA/San-Francisco/218-Grafton-Ave-94112/83f30bb0dc0d3f621129,,,,,,,,,,,,,
https://app.realtaasa.com/homes/property/CA/San-Francisco/212-Howth-St-94112/53fd3c6287cdaea553f7,,,,,,,,,,,,,
https://app.realtaasa.com/homes/property/CA/San-Francisco/1676-Wallace-Ave-94124/9973c4d1e516a12c42ac,,,,,,,,,,,,,
https://app.realtaasa.com/homes/property/CA/San-Francisco/205-Salinas-Ave-94124/3213f91c8901355d4992,,,,,,,,,,,,,
https://app.realtaasa.com/homes/property/CA/San-Francisco/239-Arleta-Ave-94134/7f8441f8ae116d1fc0ae,,,,,,,,,,,,,
https://app.realtaasa.com/homes/property/CA/San-Francisco/1151-Plymouth-Ave-94112/b7d292cccfe6d291329f,,,,,,,,,,,,,
https://app.realtaasa.com/homes/property/CA/San-Francisco/400-Alemany-Blvd-1-94110/cd2ac2e0c9147430c9e4,,,,,,,,,,,,,
https://app.realtaasa.com/homes/property/CA/San-Francisco/515-Delta-St-94134/a9b122ca88dd4fba61e9,,,,,,,,,,,,,
https://app.realtaasa.com/homes/property/CA/San-Francisco/350-Athens-St-94112/b09a42418bf3124c538a,,,,,,,,,,,,,
https://app.realtaasa.com/homes/property/CA/San-Francisco/441-Rolph-St-94112/5cd045dc1c8f582c1ad4,,,,,,,,,,,,,
https://app.realtaasa.com/homes/property/CA/San-Francisco/5810-Mission-St-304-94112/64ad1c7171933cc6a9cf,,,,,,,,,,,,,
https://app.realtaasa.com/homes/property/CA/San-Francisco/2108-Great-Highway-Hwy-3-94116/d8ecd54eaa556f18bc5d,,,,,,,,,,,,,
https://app.realtaasa.com/homes/property/CA/San-Francisco/727-Andover-St-94110/723e02b3954c36a21fb0,,,,,,,,,,,,,
https://app.realtaasa.com/homes/property/CA/San-Francisco/343-Stoneridge-Ln-5203-94134/406147b6e67193f211b9,,,,,,,,,,,,,
https://app.realtaasa.com/homes/property/CA/San-Francisco/60-Mercury-St-94124/2b37115181e60887cdef,,,,,,,,,,,,,
https://app.realtaasa.com/homes/property/CA/San-Francisco/1387-Goettingen-94134/c135d927f89a3ae7b332,,,,,,,,,,,,,
https://app.realtaasa.com/homes/property/CA/San-Francisco/2063-41st-Ave-94116/3a5ef308cdb491fad012,,,,,,,,,,,,,
https://app.realtaasa.com/homes/property/CA/San-Francisco/27-Talbert-St-94134/7d74955643da8fdb2134,,,,,,,,,,,,,
https://app.realtaasa.com/homes/property/CA/San-Francisco/171-Ledyard-St-94124/c079d28200debb183fd0,,,,,,,,,,,,,
https://app.realtaasa.com/homes/property/CA/San-Francisco/400-Alemany-Blvd-19-94110/403fd7c541442f943681,,,,,,,,,,,,,
https://app.realtaasa.com/homes/property/CA/San-Francisco/1436-Ingalls-St-94124/948b616194566685b79e,,,,,,,,,,,,,
https://app.realtaasa.com/homes/property/CA/San-Francisco/218-Ordway-St-94134/517c54d417479b38a430,,,,,,,,,,,,,
https://app.realtaasa.com/homes/property/CA/San-Francisco/8200-Oceanview-Ter-408-94132/3983170db80fa4d14330,,,,,,,,,,,,,
https://app.realtaasa.com/homes/property/CA/San-Francisco/130-Brazil-Ave-94112/c707e9ddd75490dbe89d,,,,,,,,,,,,,
https://app.realtaasa.com/homes/property/CA/San-Francisco/208-N-Lake-Merced-Hls-1A-94132/262211e8c5cecd4e06bf,,,,,,,,,,,,,
https://app.realtaasa.com/homes/property/CA/San-Francisco/3981-Alemany-Blvd-209-94132/54a0a5c7b40b3cef5959,,,,,,,,,,,,,
https://app.realtaasa.com/homes/property/CA/San-Francisco/3981-Alemany-Blvd-110-94132/c294c89e1f493d135841,,,,,,,,,,,,,
https://app.realtaasa.com/homes/property/CA/San-Francisco/301-Crescent-Ct-3216-94134/a7f6b763a5fcf9646863,,,,,,,,,,,,,
https://app.realtaasa.com/homes/property/CA/San-Francisco/135-Farallones-St-94112/228e503e598999b54d27,,,,,,,,,,,,,
https://app.realtaasa.com/homes/property/CA/San-Francisco/840-Potrero-Ave-94110/d9696bde0d58d304c6fe,,,,,,,,,,,,,
https://app.realtaasa.com/homes/property/CA/San-Francisco/124-Majestic-Ave-94112/4a4dd8af1d20371a5532,,,,,,,,,,,,,
https://app.realtaasa.com/homes/property/CA/San-Francisco/20-Drake-St-94112/4c4c80b3bdb963eec496,,,,,,,,,,,,,
https://app.realtaasa.com/homes/property/CA/San-Francisco/8100-Oceanview-Ter-204-94132/98344b4eecee871c9941,,,,,,,,,,,,,
https://app.realtaasa.com/homes/property/CA/San-Francisco/157-A-StSouth--94080/5cc6ae995c0d5b0e9289,,,,,,,,,,,,,
https://app.realtaasa.com/homes/property/CA/San-Francisco/501-Crescent-Way-5310-94134/2ef97942c84d39dde520,,,,,,,,,,,,,
https://app.realtaasa.com/homes/property/CA/San-Francisco/1211-Bowdoin-St-94134/7ddfa1b7f552a7647a79,,,,,,,,,,,,,
https://app.realtaasa.com/homes/property/CA/San-Francisco/501-Crescent-Way-5212-94134/e982b48a9bab4e90af30,,,,,,,,,,,,,
https://app.realtaasa.com/homes/property/CA/San-Francisco/301-Crescent-Ct-3116-94134/9825fa56c018d4743e2c,,,,,,,,,,,,,
https://app.realtaasa.com/homes/property/CA/San-Francisco/201-Pope-St-94112/597c164df8118377258f,,,,,,,,,,,,,
https://app.realtaasa.com/homes/property/CA/San-Francisco/162-Stoneridge-Ln-1207-94134/14aa56f3e1ca728a79f5,,,,,,,,,,,,,
https://app.realtaasa.com/homes/property/CA/San-Francisco/98-Reddy-St-94124/2aaf51c9f8f622994bf2,,,,,,,,,,,,,
https://app.realtaasa.com/homes/property/CA/San-Francisco/5800-3rd-St-1407-94124/86010eadb33aedd2c73c,,,,,,,,,,,,,
https://app.realtaasa.com/homes/property/CA/San-Francisco/924-Dwight-St-94134/950d617dc5133afd52dc,,,,,,,,,,,,,
https://app.realtaasa.com/homes/property/CA/San-Francisco/1-Crescent-Way-1107-94134/194369c95e811ef1a894,,,,,,,,,,,,,
https://app.realtaasa.com/homes/property/CA/San-Francisco/1435-1437-Revere-Ave-94124/d95252f40b1ff88592b4,,,,,,,,,,,,,
https://app.realtaasa.com/homes/property/CA/San-Francisco/1914-34th-Ave-94116/8b88ce902a11e04aecb9,,,,,,,,,,,,,
https://app.realtaasa.com/homes/property/CA/San-Francisco/537-Moultrie-St-94110/42c230db2bb671aa450e,,,,,,,,,,,,,
https://app.realtaasa.com/homes/property/CA/San-Francisco/2414-47th-Ave-94116/f4935a62bcf6a2138f79,,,,,,,,,,,,,
https://app.realtaasa.com/homes/property/CA/San-Francisco/5122-A-Diamond-Heights-Blvd-A-94131/210eb4df86be8e148678,,,,,,,,,,,,,
https://app.realtaasa.com/homes/property/CA/San-Francisco/624-Brussels-St-94134/0e2f55a5793f1301dade,,,,,,,,,,,,,
https://app.realtaasa.com/homes/property/CA/San-Francisco/1488-Harrison-St-101-94103/d68b14e24a10b852df3d,,,,,,,,,,,,,
https://app.realtaasa.com/homes/property/CA/San-Francisco/574-26th-Ave-2-94121/2e0a4fcfbea50bf4f449,,,,,,,,,,,,,
https://app.realtaasa.com/homes/property/CA/San-Francisco/43-Winding-Way-94112/7a52acd443a3b275b8da,,,,,,,,,,,,,
https://app.realtaasa.com/homes/property/CA/San-Francisco/1862-Ellis-St-A-94115/33e82446bda635e6e22d,,,,,,,,,,,,,
https://app.realtaasa.com/homes/property/CA/San-Francisco/1285-Fitzgerald-94124/76202e7c545c71f41899,,,,,,,,,,,,,
https://app.realtaasa.com/homes/property/CA/San-Francisco/427-Randolph-St-94132/e1c012d41aebdaea8cc2,,,,,,,,,,,,,
https://app.realtaasa.com/homes/property/CA/San-Francisco/287-Thrift-St-94112/84cc04d930a8c8fcb89e,,,,,,,,,,,,,
https://app.realtaasa.com/homes/property/CA/San-Francisco/615-Sargent-St-94132/e4a6dce096686e61d081,,,,,,,,,,,,,
https://app.realtaasa.com/homes/property/CA/San-Francisco/954-Key-Ave-94124/a71ffc9c833274385bdf,,,,,,,,,,,,,
https://app.realtaasa.com/homes/property/CA/San-Francisco/323-Orizaba-Ave-94132/9257b94b6e1806128c70,,,,,,,,,,,,,
https://app.realtaasa.com/homes/property/CA/San-Francisco/285-Bridgeview-94124/934740399ec76af9bbaf,,,,,,,,,,,,,
https://app.realtaasa.com/homes/property/CA/San-Francisco/900-Somerset-St-94134/61583f2c435af79ae5e4,,,,,,,,,,,,,
https://app.realtaasa.com/homes/property/CA/San-Francisco/131-Naglee-Ave-94112/d233ab35566a01fe3634,,,,,,,,,,,,,
https://app.realtaasa.com/homes/property/CA/San-Francisco/16-Tioga-Ave-94134/677981263476d213ef5a,,,,,,,,,,,,,
https://app.realtaasa.com/homes/property/CA/San-Francisco/31-Maddux-Ave-94124/b9f6bf02bbfe7ef9eda0,,,,,,,,,,,,,
https://app.realtaasa.com/homes/property/CA/San-Francisco/227-Garfield-St-94132/deb828410e8d7aaa52bb,,,,,,,,,,,,,
https://app.realtaasa.com/homes/property/CA/San-Francisco/3431-Mission-St-4-94110/486dc1fda168e1dc3d3c,,,,,,,,,,,,,
https://app.realtaasa.com/homes/property/CA/San-Francisco/227-Randolph-St-94132/0618553483343eb9db3c,,,,,,,,,,,,,
https://app.realtaasa.com/homes/property/CA/San-Francisco/5800-3rd-St-94124/c8d850b950704c92c879,,,,,,,,,,,,,
https://app.realtaasa.com/homes/property/CA/San-Francisco/5800-3rd-St-1212-94124/a7bcae28283abff9e32c,,,,,,,,,,,,,
https://app.realtaasa.com/homes/property/CA/San-Francisco/116-Caine-Ave-94112/d890aa2e61c9e09d25f1,,,,,,,,,,,,,
https://app.realtaasa.com/homes/property/CA/San-Francisco/194-Gaven-St-94134/66e074cc01439dfeb3b3,,,,,,,,,,,,,
https://app.realtaasa.com/homes/property/CA/San-Francisco/38-Grafton-Ave-94112/2c03538a9b1ed47fddf6,,,,,,,,,,,,,
https://app.realtaasa.com/homes/property/CA/San-Francisco/2686-44th-Ave-94116/e5883e35c8c0d61b46eb,,,,,,,,,,,,,
https://app.realtaasa.com/homes/property/CA/San-Francisco/307-Page-St-1-94102/e17c07f3a42e96bede0d,,,,,,,,,,,,,
https://app.realtaasa.com/homes/property/CA/San-Francisco/419-Lakeview-Ave-94112/5079e230cf2240641bc5,,,,,,,,,,,,,
https://app.realtaasa.com/homes/property/CA/San-Francisco/2017-Grant-Ave-1-94133/1e13753952d51d4337d4,,,,,,,,,,,,,
https://app.realtaasa.com/homes/property/CA/San-Francisco/5108-Diamond-Heights-A-94131/2c5a472b142c787d1fdc,,,,,,,,,,,,,
https://app.realtaasa.com/homes/property/CA/San-Francisco/10-Harris-Pl-94123/c3b06cc85ad9de1b5eb3,,,,,,,,,,,,,
https://app.realtaasa.com/homes/property/CA/San-Francisco/536-27th-St-2-94131/7432dd73e8e0bdcba1c3,,,,,,,,,,,,,
https://app.realtaasa.com/homes/property/CA/San-Francisco/1490-45th-Ave-94122/b86359e1c82ce68c4b66,,,,,,,,,,,,,
https://app.realtaasa.com/homes/property/CA/San-Francisco/1405-34th-Ave-94122/373144ef1afca2a1c40d,,,,,,,,,,,,,
https://app.realtaasa.com/homes/property/CA/San-Francisco/32-Perego-Ter-94131/7d10c907a06fd43257dd,,,,,,,,,,,,,
https://app.realtaasa.com/homes/property/CA/San-Francisco/902-Corbett-Ave-4-94131/09bcecf62bc43259229d,,,,,,,,,,,,,
https://app.realtaasa.com/homes/property/CA/San-Francisco/300-Baltimore-Way-94112/ae8d1c558dfa912bcd2c,,,,,,,,,,,,,
https://app.realtaasa.com/homes/property/CA/San-Francisco/2685-Pine-94115/24722471013bca32c725,,,,,,,,,,,,,
https://app.realtaasa.com/homes/property/CA/San-Francisco/75-Dichiera-Ct-94112/747b686efc50184c0c5a,,,,,,,,,,,,,
https://app.realtaasa.com/homes/property/CA/San-Francisco/182-Galewood-Cir-94131/dc2244d11afe8ac9350a,,,,,,,,,,,,,
https://app.realtaasa.com/homes/property/CA/San-Francisco/601-Van-Ness-Ave-525-94102/eb8fb9e16fd29afafe8d,,,,,,,,,,,,,
https://app.realtaasa.com/homes/property/CA/San-Francisco/287-Monterey-Blvd-94131/c19e70891e35e418b4a5,,,,,,,,,,,,,
https://app.realtaasa.com/homes/property/CA/San-Francisco/3319-Lawton-St-94122/bf0956250a33ad599441,,,,,,,,,,,,,
https://app.realtaasa.com/homes/property/CA/San-Francisco/2-Colby-St-94134/2973015c3b0be53d65d4,,,,,,,,,,,,,
https://app.realtaasa.com/homes/property/CA/San-Francisco/2189-Market-St-7-94114/cbde3d1de7dcf17b64b2,,,,,,,,,,,,,
https://app.realtaasa.com/homes/property/CA/San-Francisco/1462-Newcomb-Ave-94124/b1f05c3969e9c4d940d5,,,,,,,,,,,,,
https://app.realtaasa.com/homes/property/CA/San-Francisco/875-Vermont-St-203-94107/c1d8391215af65209f43,,,,,,,,,,,,,
https://app.realtaasa.com/homes/property/CA/San-Francisco/555-Athens-St-94112/ae59be2c36c37b73fa3c,,,,,,,,,,,,,
https://app.realtaasa.com/homes/property/CA/San-Francisco/155-Harriet-St-9-94103/71aabf10d2f48c5eb0e4,,,,,,,,,,,,,
https://app.realtaasa.com/homes/property/CA/San-Francisco/101-101-Cleo-Rand-94124/3d7364c4cf010a9dbddf,,,,,,,,,,,,,
https://app.realtaasa.com/homes/property/CA/San-Francisco/880-Silver-Ave-94134/288959a55ebb1c546f9e,,,,,,,,,,,,,
https://app.realtaasa.com/homes/property/CA/San-Francisco/1080-Sutter-St-503-94109/2ed79b4698ceebfaac4e,,,,,,,,,,,,,
https://app.realtaasa.com/homes/property/CA/San-Francisco/610-26th-Ave-94121/8646f53abf67964e4435,,,,,,,,,,,,,
https://app.realtaasa.com/homes/property/CA/San-Francisco/254-Pope-St-94112/f2d84a8186f7d3e18ea6,,,,,,,,,,,,,
https://app.realtaasa.com/homes/property/CA/San-Francisco/1018-Hollister-Ave-94124/1171b56211e0d64c196f,,,,,,,,,,,,,
https://app.realtaasa.com/homes/property/CA/San-Francisco/2401-44th-Ave-5-94116/d117505e6e4a94fcebef,,,,,,,,,,,,,
https://app.realtaasa.com/homes/property/CA/San-Francisco/1415-Eddy-St-94115/99a7b047a42042f90911,,,,,,,,,,,,,
https://app.realtaasa.com/homes/property/CA/San-Francisco/4378-17th-St-A-94114/85cf9b0e2eeba8a2c128,,,,,,,,,,,,,
https://app.realtaasa.com/homes/property/CA/San-Francisco/1929-48th-Ave-94116/ec718460ae5da718a32c,,,,,,,,,,,,,
https://app.realtaasa.com/homes/property/CA/San-Francisco/351-Niagara-94112/fcb7b36490cf11827406,,,,,,,,,,,,,
https://app.realtaasa.com/homes/property/CA/San-Francisco/563-Munich-St-94112/2852d3190e4dcac97d8b,,,,,,,,,,,,,
https://app.realtaasa.com/homes/property/CA/San-Francisco/2262-42nd-Ave-94116/fa9ea5f0f989b31c7646,,,,,,,,,,,,,
https://app.realtaasa.com/homes/property/CA/San-Francisco/122-Venus-St-94124/e7a09e80023373a060bf,,,,,,,,,,,,,
https://app.realtaasa.com/homes/property/CA/San-Francisco/834-Arkansas-St-3-94107/ea282c4aac20e1bbeef9,,,,,,,,,,,,,
https://app.realtaasa.com/homes/property/CA/San-Francisco/717-Rolph-St-94112/affb2e722a3601afadef,,,,,,,,,,,,,
https://app.realtaasa.com/homes/property/CA/San-Francisco/262-Frederick-St-1-94117/96a79a24d36106b7345a,,,,,,,,,,,,,
https://app.realtaasa.com/homes/property/CA/San-Francisco/2212-A-23rd-St-94107/8aa1bf1719ffc9f3451c,,,,,,,,,,,,,
https://app.realtaasa.com/homes/property/CA/San-Francisco/312-Bowdoin-St-94134/8f3ca52b79917483d4a3,,,,,,,,,,,,,
https://app.realtaasa.com/homes/property/CA/San-Francisco/350-Ralston-St-94132/0363fe7bc59fa43182b5,,,,,,,,,,,,,
https://app.realtaasa.com/homes/property/CA/San-Francisco/195-Maynard-St-94112/ef462c537b4677c23635,,,,,,,,,,,,,
https://app.realtaasa.com/homes/property/CA/San-Francisco/1587-15th-St-201-94103/0bfbb8365689a7cb157a,,,,,,,,,,,,,
https://app.realtaasa.com/homes/property/CA/San-Francisco/2444-15th-St-94114/83f30bb0dc0d3f621129,,,,,,,,,,,,,
https://app.realtaasa.com/homes/property/CA/San-Francisco/1-Putnam-St-94110/f5cc826d652ae17477ca,,,,,,,,,,,,,
https://app.realtaasa.com/homes/property/CA/San-Francisco/6-Mint-Plz-703A-94103/53fd3c6287cdaea553f7,,,,,,,,,,,,,
https://app.realtaasa.com/homes/property/CA/San-Francisco/422-Bright-St-94132/9973c4d1e516a12c42ac,,,,,,,,,,,,,
https://app.realtaasa.com/homes/property/CA/San-Francisco/250-Circular-Ave-94131/3213f91c8901355d4992,,,,,,,,,,,,,
https://app.realtaasa.com/homes/property/CA/San-Francisco/990-Randolph-St-94132/7f8441f8ae116d1fc0ae,,,,,,,,,,,,,
https://app.realtaasa.com/homes/property/CA/San-Francisco/3270-Market-St-94114/b7d292cccfe6d291329f,,,,,,,,,,,,,
https://app.realtaasa.com/homes/property/CA/San-Francisco/97-Lapham-Way-94112/cd2ac2e0c9147430c9e4,,,,,,,,,,,,,
https://app.realtaasa.com/homes/property/CA/San-Francisco/2226-Ortega-St-94122/a9b122ca88dd4fba61e9,,,,,,,,,,,,,
https://app.realtaasa.com/homes/property/CA/San-Francisco/75-Roosevelt-Way-2-94114/b09a42418bf3124c538a,,,,,,,,,,,,,
https://app.realtaasa.com/homes/property/CA/San-Francisco/900-Bush-1008-94109/5cd045dc1c8f582c1ad4,,,,,,,,,,,,,
https://app.realtaasa.com/homes/property/CA/San-Francisco/1500-25th-Ave-94122/64ad1c7171933cc6a9cf,,,,,,,,,,,,,
https://app.realtaasa.com/homes/property/CA/San-Francisco/3030-Anza-St-94121/d8ecd54eaa556f18bc5d,,,,,,,,,,,,,
https://app.realtaasa.com/homes/property/CA/San-Francisco/781-Athens-St-94112/723e02b3954c36a21fb0,,,,,,,,,,,,,
https://app.realtaasa.com/homes/property/CA/San-Francisco/76-Mangels-Ave-94131/406147b6e67193f211b9,,,,,,,,,,,,,
https://app.realtaasa.com/homes/property/CA/San-Francisco/8-Montezuma-St-94110/2b37115181e60887cdef,,,,,,,,,,,,,
https://app.realtaasa.com/homes/property/CA/San-Francisco/64-Sussex-St-94131/c135d927f89a3ae7b332,,,,,,,,,,,,,
https://app.realtaasa.com/homes/property/CA/San-Francisco/2075-Bancroft-Ave-94124/3a5ef308cdb491fad012,,,,,,,,,,,,,
https://app.realtaasa.com/homes/property/CA/San-Francisco/1036-Potrero-Ave-6-94110/7d74955643da8fdb2134,,,,,,,,,,,,,
https://app.realtaasa.com/homes/property/CA/San-Francisco/2786-39th-Ave-94116/c079d28200debb183fd0,,,,,,,,,,,,,
https://app.realtaasa.com/homes/property/CA/San-Francisco/90-Aquavista-Way-94112/403fd7c541442f943681,,,,,,,,,,,,,
https://app.realtaasa.com/homes/property/CA/San-Francisco/1153-Leavenworth-St-94109/948b616194566685b79e,,,,,,,,,,,,,
https://app.realtaasa.com/homes/property/CA/San-Francisco/456-Princeton-St-94134/517c54d417479b38a430,,,,,,,,,,,,,
https://app.realtaasa.com/homes/property/CA/San-Francisco/53-Edinburgh-St-94112/c707e9ddd75490dbe89d,,,,,,,,,,,,,
https://app.realtaasa.com/homes/property/CA/San-Francisco/720-Gough-41-94102/3983170db80fa4d14330,,,,,,,,,,,,,
https://app.realtaasa.com/homes/property/CA/San-Francisco/240-Sussex-St-94131/262211e8c5cecd4e06bf,,,,,,,,,,,,,
https://app.realtaasa.com/homes/property/CA/San-Francisco/24-Lawrence-Ave-94112/54a0a5c7b40b3cef5959,,,,,,,,,,,,,
https://app.realtaasa.com/homes/property/CA/San-Francisco/76-Bronte-St-94110/c294c89e1f493d135841,,,,,,,,,,,,,
https://app.realtaasa.com/homes/property/CA/San-Francisco/1734-Bay-St-106-94123/a7f6b763a5fcf9646863,,,,,,,,,,,,,
https://app.realtaasa.com/homes/property/CA/San-Francisco/1201-1203-45th-Ave-1203-94122/228e503e598999b54d27,,,,,,,,,,,,,
https://app.realtaasa.com/homes/property/CA/San-Francisco/1273-Rhode-Island-St-94107/d9696bde0d58d304c6fe,,,,,,,,,,,,,
https://app.realtaasa.com/homes/property/CA/San-Francisco/674-Joost-Ave-94127/4a4dd8af1d20371a5532,,,,,,,,,,,,,
https://app.realtaasa.com/homes/property/CA/San-Francisco/563-Minna-St-1-94103/4c4c80b3bdb963eec496,,,,,,,,,,,,,
https://app.realtaasa.com/homes/property/CA/San-Francisco/276-Friedell-94124/98344b4eecee871c9941,,,,,,,,,,,,,
https://app.realtaasa.com/homes/property/CA/San-Francisco/2317-31st-Ave-94116/5cc6ae995c0d5b0e9289,,,,,,,,,,,,,
https://app.realtaasa.com/homes/property/CA/San-Francisco/89-Westwood-Dr-94112/2ef97942c84d39dde520,,,,,,,,,,,,,
https://app.realtaasa.com/homes/property/CA/San-Francisco/180-7th-St-301-94103/7ddfa1b7f552a7647a79,,,,,,,,,,,,,
https://app.realtaasa.com/homes/property/CA/San-Francisco/4161-23rd-St-94114/e982b48a9bab4e90af30,,,,,,,,,,,,,
https://app.realtaasa.com/homes/property/CA/San-Francisco/1338-48th-Ave-94122/9825fa56c018d4743e2c,,,,,,,,,,,,,
https://app.realtaasa.com/homes/property/CA/San-Francisco/620-Prentiss-St-94110/597c164df8118377258f,,,,,,,,,,,,,
https://app.realtaasa.com/homes/property/CA/San-Francisco/539-Los-Palmos-Dr-94127/14aa56f3e1ca728a79f5,,,,,,,,,,,,,
https://app.realtaasa.com/homes/property/CA/San-Francisco/112-Russ-St-94103/2aaf51c9f8f622994bf2,,,,,,,,,,,,,
https://app.realtaasa.com/homes/property/CA/San-Francisco/236-Shipley-St-304-94107/86010eadb33aedd2c73c,,,,,,,,,,,,,
https://app.realtaasa.com/homes/property/CA/San-Francisco/70-Tingley-St-94112/950d617dc5133afd52dc,,,,,,,,,,,,,
https://app.realtaasa.com/homes/property/CA/San-Francisco/616-20th-St-510-94107/194369c95e811ef1a894,,,,,,,,,,,,,
https://app.realtaasa.com/homes/property/CA/San-Francisco/946-Stockton-St-6B-94108/d95252f40b1ff88592b4,,,,,,,,,,,,,
https://app.realtaasa.com/homes/property/CA/San-Francisco/1711-19th-Ave-94122/8b88ce902a11e04aecb9,,,,,,,,,,,,,
https://app.realtaasa.com/homes/property/CA/San-Francisco/1-Crescent-Way-1109-94134/42c230db2bb671aa450e,,,,,,,,,,,,,
https://app.realtaasa.com/homes/property/CA/San-Francisco/5-Sunview-Dr-94131/f4935a62bcf6a2138f79,,,,,,,,,,,,,
https://app.realtaasa.com/homes/property/CA/San-Francisco/2259-44th-Ave-94116/210eb4df86be8e148678,,,,,,,,,,,,,
https://app.realtaasa.com/homes/property/CA/San-Francisco/148-Cuvier-St-94112/0e2f55a5793f1301dade,,,,,,,,,,,,,
https://app.realtaasa.com/homes/property/CA/San-Francisco/218-Justin-Dr-94112/2e0a4fcfbea50bf4f449,,,,,,,,,,,,,
https://app.realtaasa.com/homes/property/CA/San-Francisco/601-Van-Ness-Ave-8-94102/d68b14e24a10b852df3d,,,,,,,,,,,,,
https://app.realtaasa.com/homes/property/CA/San-Francisco/945-Capp-St-4-94110/7a52acd443a3b275b8da,,,,,,,,,,,,,
https://app.realtaasa.com/homes/property/CA/San-Francisco/1846-38th-Ave-94122/33e82446bda635e6e22d,,,,,,,,,,,,,
https://app.realtaasa.com/homes/property/CA/San-Francisco/2628-Sutter-St-A-94115/76202e7c545c71f41899,,,,,,,,,,,,,
https://app.realtaasa.com/homes/property/CA/San-Francisco/375-Prentiss-St-94110/e1c012d41aebdaea8cc2,,,,,,,,,,,,,
https://app.realtaasa.com/homes/property/CA/San-Francisco/1655-48th-Ave-94122/84cc04d930a8c8fcb89e,,,,,,,,,,,,,
https://app.realtaasa.com/homes/property/CA/San-Francisco/3184-Mission-St-304-94110/e4a6dce096686e61d081,,,,,,,,,,,,,
https://app.realtaasa.com/homes/property/CA/San-Francisco/1425-43rd-Ave-94122/a71ffc9c833274385bdf,,,,,,,,,,,,,
https://app.realtaasa.com/homes/property/CA/San-Francisco/430-Hayes-201-94102/9257b94b6e1806128c70,,,,,,,,,,,,,
https://app.realtaasa.com/homes/property/CA/San-Francisco/145-Gardenside-Dr-9-94131/934740399ec76af9bbaf,,,,,,,,,,,,,
https://app.realtaasa.com/homes/property/CA/San-Francisco/1835-Franklin-St-602-94109/61583f2c435af79ae5e4,,,,,,,,,,,,,
https://app.realtaasa.com/homes/property/CA/San-Francisco/920-Baker-St-A-94118/d233ab35566a01fe3634,,,,,,,,,,,,,
https://app.realtaasa.com/homes/property/CA/San-Francisco/1463-19th-Ave-94122/677981263476d213ef5a,,,,,,,,,,,,,
https://app.realtaasa.com/homes/property/CA/San-Francisco/15-Sunview-Dr-94131/b9f6bf02bbfe7ef9eda0,,,,,,,,,,,,,
https://app.realtaasa.com/homes/property/CA/San-Francisco/155-Lexington-St-94110/deb828410e8d7aaa52bb,,,,,,,,,,,,,
https://app.realtaasa.com/homes/property/CA/San-Francisco/3839-Folsom-St-94110/486dc1fda168e1dc3d3c,,,,,,,,,,,,,
https://app.realtaasa.com/homes/property/CA/San-Francisco/26-Staples-Ave-94131/0618553483343eb9db3c,,,,,,,,,,,,,
https://app.realtaasa.com/homes/property/CA/San-Francisco/388-Fulton-St-205-94102/c8d850b950704c92c879,,,,,,,,,,,,,
https://app.realtaasa.com/homes/property/CA/San-Francisco/140-South-Van-Ness-Ave-1022-94103/a7bcae28283abff9e32c,,,,,,,,,,,,,
https://app.realtaasa.com/homes/property/CA/San-Francisco/2512-23rd-Ave-94116/d890aa2e61c9e09d25f1,,,,,,,,,,,,,
https://app.realtaasa.com/homes/property/CA/San-Francisco/921-A-Florida-St-94110/66e074cc01439dfeb3b3,,,,,,,,,,,,,
https://app.realtaasa.com/homes/property/CA/San-Francisco/319-Naples-St-94112/2c03538a9b1ed47fddf6,,,,,,,,,,,,,
https://app.realtaasa.com/homes/property/CA/San-Francisco/1119-Cayuga-Ave-94112/e5883e35c8c0d61b46eb,,,,,,,,,,,,,
https://app.realtaasa.com/homes/property/CA/San-Francisco/1463-40th-Ave-94122/e17c07f3a42e96bede0d,,,,,,,,,,,,,
https://app.realtaasa.com/homes/property/CA/San-Francisco/789-Buena-Vista-Ave-202-94117/5079e230cf2240641bc5,,,,,,,,,,,,,
https://app.realtaasa.com/homes/property/CA/San-Francisco/166-Park-St-94110/1e13753952d51d4337d4,,,,,,,,,,,,,
https://app.realtaasa.com/homes/property/CA/San-Francisco/1200-Gough-St-7A-94109/2c5a472b142c787d1fdc,,,,,,,,,,,,,
https://app.realtaasa.com/homes/property/CA/San-Francisco/3133-Taraval-St-94116/c3b06cc85ad9de1b5eb3,,,,,,,,,,,,,
https://app.realtaasa.com/homes/property/CA/San-Francisco/317-29th-St-303-94131/7432dd73e8e0bdcba1c3,,,,,,,,,,,,,
https://app.realtaasa.com/homes/property/CA/San-Francisco/236-Shipley-St-202-94107/b86359e1c82ce68c4b66,,,,,,,,,,,,,
https://app.realtaasa.com/homes/property/CA/San-Francisco/601-Van-Ness-Ave-105-94102/373144ef1afca2a1c40d,,,,,,,,,,,,,
https://app.realtaasa.com/homes/property/CA/San-Francisco/972-Plymouth-Ave-94112/7d10c907a06fd43257dd,,,,,,,,,,,,,
https://app.realtaasa.com/homes/property/CA/San-Francisco/1539-24th-Ave-94122/09bcecf62bc43259229d,,,,,,,,,,,,,
https://app.realtaasa.com/homes/property/CA/San-Francisco/260-King-St-671-94107/ae8d1c558dfa912bcd2c,,,,,,,,,,,,,
https://app.realtaasa.com/homes/property/CA/San-Francisco/1299-Bush-St-403-94109/24722471013bca32c725,,,,,,,,,,,,,
https://app.realtaasa.com/homes/property/CA/San-Francisco/431-Gates-St-94110/747b686efc50184c0c5a,,,,,,,,,,,,,
https://app.realtaasa.com/homes/property/CA/San-Francisco/98-Mullen-Ave-94110/af1c2f553e1569250b1f,,,,,,,,,,,,,
https://app.realtaasa.com/homes/property/CA/San-Francisco/1708-Fulton-St-94117/aef29c4ad4460f86b1bb,,,,,,,,,,,,,
https://app.realtaasa.com/homes/property/CA/San-Francisco/155-Gardenside-Dr-35-94131/f1bb260146d7d154caae,,,,,,,,,,,,,
https://app.realtaasa.com/homes/property/CA/San-Francisco/1651-24th-Ave-94122/4a5f3e8f43344ccae655,,,,,,,,,,,,,
https://app.realtaasa.com/homes/property/CA/San-Francisco/350-Broderick-St-304-94117/70ab282a092b93cef342,,,,,,,,,,,,,
https://app.realtaasa.com/homes/property/CA/San-Francisco/388-Fulton-St-302-94102/52e5dab2332c86835f68,,,,,,,,,,,,,
https://app.realtaasa.com/homes/property/CA/San-Francisco/53-Stillings-Ave-94131/c92a4863d1149bee3a8d,,,,,,,,,,,,,
https://app.realtaasa.com/homes/property/CA/San-Francisco/1158-Sutter-St-10-94109/60e09901d9e1376cfafd,,,,,,,,,,,,,
https://app.realtaasa.com/homes/property/CA/San-Francisco/140-South-Van-Ness-Ave-840-94103/2aa44a055fb0110bcc1a,,,,,,,,,,,,,
https://app.realtaasa.com/homes/property/CA/San-Francisco/441-Myra-Way-94127/7fb37326cba246d17ade,,,,,,,,,,,,,
https://app.realtaasa.com/homes/property/CA/San-Francisco/308-Sanchez-St-94114/e6e5f3ff679ad43d2cb0,,,,,,,,,,,,,
https://app.realtaasa.com/homes/property/CA/San-Francisco/191-Sussex-St-94131/07a4a39cb3a4ef0f2cfd,,,,,,,,,,,,,
https://app.realtaasa.com/homes/property/CA/San-Francisco/148-Cole-St-94117/e168dc253a24f178929a,,,,,,,,,,,,,
https://app.realtaasa.com/homes/property/CA/San-Francisco/829-Balboa-St-94118/2562c4cd082c7fbc9c0e,,,,,,,,,,,,,
https://app.realtaasa.com/homes/property/CA/San-Francisco/273-Chattanooga-St-94114/153dfb7308ff4d1542ee,,,,,,,,,,,,,
https://app.realtaasa.com/homes/property/CA/San-Francisco/1680-Lombard-St-2-94123/9040f948271560d5f13f,,,,,,,,,,,,,
https://app.realtaasa.com/homes/property/CA/San-Francisco/1063-Capitol-Ave-29-94112/161e3ec8b92df30a5bd4,,,,,,,,,,,,,
https://app.realtaasa.com/homes/property/CA/San-Francisco/1595-Thomas-St-94124/c035ed2ef55960203dfa,,,,,,,,,,,,,
https://app.realtaasa.com/homes/property/CA/San-Francisco/2350-25th-Ave-94116/ae0e96198434fb3ddd3a,,,,,,,,,,,,,
https://app.realtaasa.com/homes/property/CA/San-Francisco/267-Ulloa-St-94127/3ba1796b789e23f06b8e,,,,,,,,,,,,,
https://app.realtaasa.com/homes/property/CA/San-Francisco/1587-15th-St-401-94103/95f2a8ccf1c2cb85b837,,,,,,,,,,,,,
https://app.realtaasa.com/homes/property/CA/San-Francisco/1725-Noe-St-94131/9193aad7c601820ecf3b,,,,,,,,,,,,,
https://app.realtaasa.com/homes/property/CA/San-Francisco/1700-Lawton-St-94122/18b8cbe5ff77f13fdb27,,,,,,,,,,,,,
https://app.realtaasa.com/homes/property/CA/San-Francisco/140-South-Van-Ness-Ave-522-94103/0ed3903b71cf6e84f015,,,,,,,,,,,,,
https://app.realtaasa.com/homes/property/CA/San-Francisco/388-Fulton-St-413-94102/efa410045dbe95740e85,,,,,,,,,,,,,
https://app.realtaasa.com/homes/property/CA/San-Francisco/200-Portola-Dr-102-94131/ede7afdc554171939d94,,,,,,,,,,,,,
https://app.realtaasa.com/homes/property/CA/San-Francisco/388-Fulton-St-511-94102/9a41836beb76ab5cac38,,,,,,,,,,,,,
https://app.realtaasa.com/homes/property/CA/San-Francisco/205-Mullen-Ave-94110/7aa125d002b9ba7a4d5e,,,,,,,,,,,,,
https://app.realtaasa.com/homes/property/CA/San-Francisco/792-19th-Ave-94121/d6d9df8a68e8b8b7fd7d,,,,,,,,,,,,,
https://app.realtaasa.com/homes/property/CA/San-Francisco/463-Huron-Ave-94112/a86975b9dd6595667abe,,,,,,,,,,,,,
https://app.realtaasa.com/homes/property/CA/San-Francisco/23-25-Brompton-Ave-94131/dc2244d11afe8ac9350a,,,,,,,,,,,,,
https://app.realtaasa.com/homes/property/CA/San-Francisco/274-Athens-St-94112/eb8fb9e16fd29afafe8d,,,,,,,,,,,,,
https://app.realtaasa.com/homes/property/CA/San-Francisco/350-Broderick-St-208-94117/c19e70891e35e418b4a5,,,,,,,,,,,,,
https://app.realtaasa.com/homes/property/CA/San-Francisco/236-Shipley-St-402-94107/bf0956250a33ad599441,,,,,,,,,,,,,
https://app.realtaasa.com/homes/property/CA/San-Francisco/1679-Church-St-94114/2973015c3b0be53d65d4,,,,,,,,,,,,,
https://app.realtaasa.com/homes/property/CA/San-Francisco/558-28th-Ave-202-94121/cbde3d1de7dcf17b64b2,,,,,,,,,,,,,
https://app.realtaasa.com/homes/property/CA/San-Francisco/2202-Golden-Gate-Ave-94118/b1f05c3969e9c4d940d5,,,,,,,,,,,,,
https://app.realtaasa.com/homes/property/CA/San-Francisco/531-Hill-St-94114/c1d8391215af65209f43,,,,,,,,,,,,,
https://app.realtaasa.com/homes/property/CA/San-Francisco/246-Missouri-St-94107/ae59be2c36c37b73fa3c,,,,,,,,,,,,,
https://app.realtaasa.com/homes/property/CA/San-Francisco/3026-Laguna-St-94123/71aabf10d2f48c5eb0e4,,,,,,,,,,,,,
https://app.realtaasa.com/homes/property/CA/San-Francisco/199-Tiffany-Ave-203-94110/3d7364c4cf010a9dbddf,,,,,,,,,,,,,
https://app.realtaasa.com/homes/property/CA/San-Francisco/2407-Harrison-St-19-94110/288959a55ebb1c546f9e,,,,,,,,,,,,,
https://app.realtaasa.com/homes/property/CA/San-Francisco/77-Grand-View-Ave-301-94114/2ed79b4698ceebfaac4e,,,,,,,,,,,,,
https://app.realtaasa.com/homes/property/CA/San-Francisco/1488-Harrison-St-204-94103/8646f53abf67964e4435,,,,,,,,,,,,,
https://app.realtaasa.com/homes/property/CA/San-Francisco/767-Corbett-Ave-8-94131/f2d84a8186f7d3e18ea6,,,,,,,,,,,,,
https://app.realtaasa.com/homes/property/CA/San-Francisco/2050-23rd-Ave-94116/1171b56211e0d64c196f,,,,,,,,,,,,,
https://app.realtaasa.com/homes/property/CA/San-Francisco/1474-34th-Ave-94122/d117505e6e4a94fcebef,,,,,,,,,,,,,
https://app.realtaasa.com/homes/property/CA/San-Francisco/4350-17th-St-94114/85cf9b0e2eeba8a2c128,,,,,,,,,,,,,
https://app.realtaasa.com/homes/property/CA/San-Francisco/1566-Fell-St-94117/99a7b047a42042f90911,,,,,,,,,,,,,
https://app.realtaasa.com/homes/property/CA/San-Francisco/378-29th-Ave-94121/ec718460ae5da718a32c,,,,,,,,,,,,,
https://app.realtaasa.com/homes/property/CA/San-Francisco/70-Wilder-St-94131/fcb7b36490cf11827406,,,,,,,,,,,,,
https://app.realtaasa.com/homes/property/CA/San-Francisco/652-Shotwell-St-94110/2852d3190e4dcac97d8b,,,,,,,,,,,,,
https://app.realtaasa.com/homes/property/CA/San-Francisco/2600-18th-St-3-94110/fa9ea5f0f989b31c7646,,,,,,,,,,,,,
https://app.realtaasa.com/homes/property/CA/San-Francisco/637-Powell-St-401-94108/e7a09e80023373a060bf,,,,,,,,,,,,,
https://app.realtaasa.com/homes/property/CA/San-Francisco/151-Alice-B.-Toklas-Pl-402-94109/ea282c4aac20e1bbeef9,,,,,,,,,,,,,
https://app.realtaasa.com/homes/property/CA/San-Francisco/1635-California-St-41-94109/affb2e722a3601afadef,,,,,,,,,,,,,
https://app.realtaasa.com/homes/property/CA/San-Francisco/166-Molimo-Dr-94127/96a79a24d36106b7345a,,,,,,,,,,,,,
https://app.realtaasa.com/homes/property/CA/San-Francisco/1080-Church-St-94114/8aa1bf1719ffc9f3451c,,,,,,,,,,,,,
https://app.realtaasa.com/homes/property/CA/San-Francisco/656-Vermont-St-94107/8f3ca52b79917483d4a3,,,,,,,,,,,,,
https://app.realtaasa.com/homes/property/CA/San-Francisco/2347-17th-Ave-94116/0363fe7bc59fa43182b5,,,,,,,,,,,,,
https://app.realtaasa.com/homes/property/CA/San-Francisco/375-Park-St-94110/ef462c537b4677c23635,,,,,,,,,,,,,
https://app.realtaasa.com/homes/property/CA/San-Francisco/579-34th-Ave-94121/0bfbb8365689a7cb157a,,,,,,,,,,,,,
https://app.realtaasa.com/homes/property/CA/San-Francisco/152-Lombard-St-207-94111/83f30bb0dc0d3f621129,,,,,,,,,,,,,
https://app.realtaasa.com/homes/property/CA/San-Francisco/629-Broderick-St-94117/f5cc826d652ae17477ca,,,,,,,,,,,,,
https://app.realtaasa.com/homes/property/CA/San-Francisco/827-Balboa-St-94118/53fd3c6287cdaea553f7,,,,,,,,,,,,,
https://app.realtaasa.com/homes/property/CA/San-Francisco/1863-19th-Ave-94122/9973c4d1e516a12c42ac,,,,,,,,,,,,,
https://app.realtaasa.com/homes/property/CA/San-Francisco/1350-California-304-94109/3213f91c8901355d4992,,,,,,,,,,,,,
https://app.realtaasa.com/homes/property/CA/San-Francisco/2719-Pine-St-94115/7f8441f8ae116d1fc0ae,,,,,,,,,,,,,
https://app.realtaasa.com/homes/property/CA/San-Francisco/1515-15th-St-407-94103/b7d292cccfe6d291329f,,,,,,,,,,,,,
https://app.realtaasa.com/homes/property/CA/San-Francisco/2308-35th-Ave-94116/cd2ac2e0c9147430c9e4,,,,,,,,,,,,,
https://app.realtaasa.com/homes/property/CA/San-Francisco/377-Oak-St-94102/a9b122ca88dd4fba61e9,,,,,,,,,,,,,
https://app.realtaasa.com/homes/property/CA/San-Francisco/11-Franklin-703-94102/b09a42418bf3124c538a,,,,,,,,,,,,,
https://app.realtaasa.com/homes/property/CA/San-Francisco/1916-Great-Highway-Hwy-94116/5cd045dc1c8f582c1ad4,,,,,,,,,,,,,
https://app.realtaasa.com/homes/property/CA/San-Francisco/259-Clara-St-401-94107/64ad1c7171933cc6a9cf,,,,,,,,,,,,,
https://app.realtaasa.com/homes/property/CA/San-Francisco/338-Potrero-Ave-309-94103/d8ecd54eaa556f18bc5d,,,,,,,,,,,,,
https://app.realtaasa.com/homes/property/CA/San-Francisco/1380-Greenwich-St-109-94109/723e02b3954c36a21fb0,,,,,,,,,,,,,
https://app.realtaasa.com/homes/property/CA/San-Francisco/374-Guerrero-St-1-94103/406147b6e67193f211b9,,,,,,,,,,,,,
https://app.realtaasa.com/homes/property/CA/San-Francisco/250-King-St-474-94107/2b37115181e60887cdef,,,,,,,,,,,,,
https://app.realtaasa.com/homes/property/CA/San-Francisco/170-King-St-1106-94107/c135d927f89a3ae7b332,,,,,,,,,,,,,
https://app.realtaasa.com/homes/property/CA/San-Francisco/55-Conrad-St-94131/3a5ef308cdb491fad012,,,,,,,,,,,,,
https://app.realtaasa.com/homes/property/CA/San-Francisco/4322-17th-St-B-94114/7d74955643da8fdb2134,,,,,,,,,,,,,
https://app.realtaasa.com/homes/property/CA/San-Francisco/2595-Clay-St-1-94115/c079d28200debb183fd0,,,,,,,,,,,,,
https://app.realtaasa.com/homes/property/CA/San-Francisco/1382-Page-St-2-94117/403fd7c541442f943681,,,,,,,,,,,,,
https://app.realtaasa.com/homes/property/CA/San-Francisco/1543-Dolores-St-94110/948b616194566685b79e,,,,,,,,,,,,,
https://app.realtaasa.com/homes/property/CA/San-Francisco/2775-Greenwich-St-94123/517c54d417479b38a430,,,,,,,,,,,,,
https://app.realtaasa.com/homes/property/CA/San-Francisco/10-Levant-St-94114/3983170db80fa4d14330,,,,,,,,,,,,,
https://app.realtaasa.com/homes/property/CA/San-Francisco/1151-Sutter-St-301-94109/c707e9ddd75490dbe89d,,,,,,,,,,,,,
https://app.realtaasa.com/homes/property/CA/San-Francisco/429-Carl-St-94117/262211e8c5cecd4e06bf,,,,,,,,,,,,,
https://app.realtaasa.com/homes/property/CA/San-Francisco/448-Anderson-St-94110/54a0a5c7b40b3cef5959,,,,,,,,,,,,,
https://app.realtaasa.com/homes/property/CA/San-Francisco/419-31st-Ave-94121/c294c89e1f493d135841,,,,,,,,,,,,,
https://app.realtaasa.com/homes/property/CA/San-Francisco/45-Montecito-Ave-94112/a7f6b763a5fcf9646863,,,,,,,,,,,,,
https://app.realtaasa.com/homes/property/CA/San-Francisco/1590-22nd-Ave-94122/228e503e598999b54d27,,,,,,,,,,,,,
https://app.realtaasa.com/homes/property/CA/San-Francisco/530-Chestnut-St-C312-94133/d9696bde0d58d304c6fe,,,,,,,,,,,,,
https://app.realtaasa.com/homes/property/CA/San-Francisco/338-Potrero-Ave-503-94103/4a4dd8af1d20371a5532,,,,,,,,,,,,,
https://app.realtaasa.com/homes/property/CA/San-Francisco/300-3rd-St-520-94107/4c4c80b3bdb963eec496,,,,,,,,,,,,,
https://app.realtaasa.com/homes/property/CA/San-Francisco/1573-Waller-94117/98344b4eecee871c9941,,,,,,,,,,,,,
https://app.realtaasa.com/homes/property/CA/San-Francisco/4132-3rd-St-6-94124/5cc6ae995c0d5b0e9289,,,,,,,,,,,,,
https://app.realtaasa.com/homes/property/CA/San-Francisco/338-Potrero-Ave-508-94103/2ef97942c84d39dde520,,,,,,,,,,,,,
https://app.realtaasa.com/homes/property/CA/San-Francisco/2511-25th-Ave-94116/7ddfa1b7f552a7647a79,,,,,,,,,,,,,
https://app.realtaasa.com/homes/property/CA/San-Francisco/2382-Union-St-94123/e982b48a9bab4e90af30,,,,,,,,,,,,,
https://app.realtaasa.com/homes/property/CA/San-Francisco/3011-20th-St-2-94110/9825fa56c018d4743e2c,,,,,,,,,,,,,
https://app.realtaasa.com/homes/property/CA/San-Francisco/465-10th-St-206-94103/597c164df8118377258f,,,,,,,,,,,,,
https://app.realtaasa.com/homes/property/CA/San-Francisco/1630-34th-Ave-94122/14aa56f3e1ca728a79f5,,,,,,,,,,,,,
https://app.realtaasa.com/homes/property/CA/San-Francisco/801-Indiana-St-363-94107/2aaf51c9f8f622994bf2,,,,,,,,,,,,,
https://app.realtaasa.com/homes/property/CA/San-Francisco/335-Clipper-St-94114/86010eadb33aedd2c73c,,,,,,,,,,,,,
https://app.realtaasa.com/homes/property/CA/San-Francisco/527-Holly-Park-Cir-94110/950d617dc5133afd52dc,,,,,,,,,,,,,
https://app.realtaasa.com/homes/property/CA/San-Francisco/152-Lombard-St-304-94111/194369c95e811ef1a894,,,,,,,,,,,,,
https://app.realtaasa.com/homes/property/CA/San-Francisco/45-Bartlett-St-410-94110/d95252f40b1ff88592b4,,,,,,,,,,,,,
https://app.realtaasa.com/homes/property/CA/San-Francisco/960-Wisconsin-St-94107/8b88ce902a11e04aecb9,,,,,,,,,,,,,
https://app.realtaasa.com/homes/property/CA/San-Francisco/58-Allen-St-94109/42c230db2bb671aa450e,,,,,,,,,,,,,
https://app.realtaasa.com/homes/property/CA/San-Francisco/261-Henry-St-A-94114/f4935a62bcf6a2138f79,,,,,,,,,,,,,
https://app.realtaasa.com/homes/property/CA/San-Francisco/1365-16th-Ave-94122/210eb4df86be8e148678,,,,,,,,,,,,,
https://app.realtaasa.com/homes/property/CA/San-Francisco/1252-South-Van-Ness-Ave-94110/0e2f55a5793f1301dade,,,,,,,,,,,,,
https://app.realtaasa.com/homes/property/CA/San-Francisco/355-1st-St-s204-94105/2e0a4fcfbea50bf4f449,,,,,,,,,,,,,
https://app.realtaasa.com/homes/property/CA/San-Francisco/11-Franklin-St-406-94102/d68b14e24a10b852df3d,,,,,,,,,,,,,
https://app.realtaasa.com/homes/property/CA/San-Francisco/132-Collins-St-94118/7a52acd443a3b275b8da,,,,,,,,,,,,,
https://app.realtaasa.com/homes/property/CA/San-Francisco/338-Potrero-Ave-206-94103/33e82446bda635e6e22d,,,,,,,,,,,,,
https://app.realtaasa.com/homes/property/CA/San-Francisco/45-Bartlett-St-507-94110/76202e7c545c71f41899,,,,,,,,,,,,,
https://app.realtaasa.com/homes/property/CA/San-Francisco/68-Harriet-St-13-94103/e1c012d41aebdaea8cc2,,,,,,,,,,,,,
https://app.realtaasa.com/homes/property/CA/San-Francisco/199-Cresta-Vista-Dr-94127/84cc04d930a8c8fcb89e,,,,,,,,,,,,,
https://app.realtaasa.com/homes/property/CA/San-Francisco/2134-Green-St-3-94123/e4a6dce096686e61d081,,,,,,,,,,,,,
https://app.realtaasa.com/homes/property/CA/San-Francisco/1565-Sacramento-St-6-94109/a71ffc9c833274385bdf,,,,,,,,,,,,,
https://app.realtaasa.com/homes/property/CA/San-Francisco/250-King-St-872-94107/9257b94b6e1806128c70,,,,,,,,,,,,,
https://app.realtaasa.com/homes/property/CA/San-Francisco/330-N-Mission-Bay-Blvd-405-94158/934740399ec76af9bbaf,,,,,,,,,,,,,
https://app.realtaasa.com/homes/property/CA/San-Francisco/2315-Divisadero-St-C-94115/61583f2c435af79ae5e4,,,,,,,,,,,,,
https://app.realtaasa.com/homes/property/CA/San-Francisco/12-Auburn-St-94133/d233ab35566a01fe3634,,,,,,,,,,,,,
https://app.realtaasa.com/homes/property/CA/San-Francisco/12-Auburn-St-94133/677981263476d213ef5a,,,,,,,,,,,,,
https://app.realtaasa.com/homes/property/CA/San-Francisco/8-Buchanan-St-601-94102/b9f6bf02bbfe7ef9eda0,,,,,,,,,,,,,
https://app.realtaasa.com/homes/property/CA/San-Francisco/26-St-Marys-Ave-94112/deb828410e8d7aaa52bb,,,,,,,,,,,,,
https://app.realtaasa.com/homes/property/CA/San-Francisco/631-Folsom-St-6C-94107/486dc1fda168e1dc3d3c,,,,,,,,,,,,,
https://app.realtaasa.com/homes/property/CA/San-Francisco/329-Bay-St-307-94133/0618553483343eb9db3c,,,,,,,,,,,,,
https://app.realtaasa.com/homes/property/CA/San-Francisco/1776-Sacramento-St-605-94109/c8d850b950704c92c879,,,,,,,,,,,,,
https://app.realtaasa.com/homes/property/CA/San-Francisco/338-Potrero-Ave-509-94103/a7bcae28283abff9e32c,,,,,,,,,,,,,
https://app.realtaasa.com/homes/property/CA/San-Francisco/521-Cayuga-Ave-94112/d890aa2e61c9e09d25f1,,,,,,,,,,,,,
https://app.realtaasa.com/homes/property/CA/San-Francisco/520-Chestnut-St-102-94133/66e074cc01439dfeb3b3,,,,,,,,,,,,,
https://app.realtaasa.com/homes/property/CA/San-Francisco/631-Folsom-St-8C-94107/2c03538a9b1ed47fddf6,,,,,,,,,,,,,
https://app.realtaasa.com/homes/property/CA/San-Francisco/338-Potrero-Ave-609-94103/e5883e35c8c0d61b46eb,,,,,,,,,,,,,
https://app.realtaasa.com/homes/property/CA/San-Francisco/451-Kansas-St-382-94107/e17c07f3a42e96bede0d,,,,,,,,,,,,,
https://app.realtaasa.com/homes/property/CA/San-Francisco/3087-22nd-St-94110/5079e230cf2240641bc5,,,,,,,,,,,,,
https://app.realtaasa.com/homes/property/CA/San-Francisco/324-Arguello-Blvd-2-94118/1e13753952d51d4337d4,,,,,,,,,,,,,
https://app.realtaasa.com/homes/property/CA/San-Francisco/801-Indiana-St-561-94107/2c5a472b142c787d1fdc,,,,,,,,,,,,,
https://app.realtaasa.com/homes/property/CA/San-Francisco/170-King-St-711-94107/7432dd73e8e0bdcba1c3,,,,,,,,,,,,,
https://app.realtaasa.com/homes/property/CA/San-Francisco/530-Chestnut-St-C408-94133/b86359e1c82ce68c4b66,,,,,,,,,,,,,
https://app.realtaasa.com/homes/property/CA/San-Francisco/1895-Pacific-Ave-306-94109/373144ef1afca2a1c40d,,,,,,,,,,,,,
https://app.realtaasa.com/homes/property/CA/San-Francisco/1000-North-Point-St-1007-94109/c3b06cc85ad9de1b5eb3,,,,,,,,,,,,,
https://app.realtaasa.com/homes/property/CA/San-Francisco/630-Sloat-Blvd-94132/7d10c907a06fd43257dd,,,,,,,,,,,,,
https://app.realtaasa.com/homes/property/CA/San-Francisco/3191-Washington-St-5-94115/09bcecf62bc43259229d,,,,,,,,,,,,,
https://app.realtaasa.com/homes/property/CA/San-Francisco/170-King-St-602-94107/ae8d1c558dfa912bcd2c,,,,,,,,,,,,,
https://app.realtaasa.com/homes/property/CA/San-Francisco/555-Fulton-St-313-94102/24722471013bca32c725,,,,,,,,,,,,,
https://app.realtaasa.com/homes/property/CA/San-Francisco/255-Edgehill-Way-94127/747b686efc50184c0c5a,,,,,,,,,,,,,
https://app.realtaasa.com/homes/property/CA/San-Francisco/403-Main-St-215-94105/af1c2f553e1569250b1f,,,,,,,,,,,,,
https://app.realtaasa.com/homes/property/CA/San-Francisco/90-Entrada-Ct-94127/aef29c4ad4460f86b1bb,,,,,,,,,,,,,
https://app.realtaasa.com/homes/property/CA/San-Francisco/368-Elm-St-305-94102/f1bb260146d7d154caae,,,,,,,,,,,,,
https://app.realtaasa.com/homes/property/CA/San-Francisco/1913-Stockton-St-94133/4a5f3e8f43344ccae655,,,,,,,,,,,,,
https://app.realtaasa.com/homes/property/CA/San-Francisco/1160-Mission-St-1114-94103/70ab282a092b93cef342,,,,,,,,,,,,,
https://app.realtaasa.com/homes/property/CA/San-Francisco/451-Kansas-St-512-94107/52e5dab2332c86835f68,,,,,,,,,,,,,
https://app.realtaasa.com/homes/property/CA/San-Francisco/1868-Van-Ness-201-94109/c92a4863d1149bee3a8d,,,,,,,,,,,,,
https://app.realtaasa.com/homes/property/CA/San-Francisco/1275-Indiana-St-405-94107/2aa44a055fb0110bcc1a,,,,,,,,,,,,,
https://app.realtaasa.com/homes/property/CA/San-Francisco/55-Page-St-317-94102/7fb37326cba246d17ade,,,,,,,,,,,,,
https://app.realtaasa.com/homes/property/CA/San-Francisco/850-Powell-St-102-94108/e6e5f3ff679ad43d2cb0,,,,,,,,,,,,,
https://app.realtaasa.com/homes/property/CA/San-Francisco/400-Beale-1301-94105/07a4a39cb3a4ef0f2cfd,,,,,,,,,,,,,
https://app.realtaasa.com/homes/property/CA/San-Francisco/250-King-St-702-94107/e168dc253a24f178929a,,,,,,,,,,,,,
https://app.realtaasa.com/homes/property/CA/San-Francisco/235-Berry-704-94158/60e09901d9e1376cfafd,,,,,,,,,,,,,
https://app.realtaasa.com/homes/property/CA/San-Francisco/88-Manchester-St-94110/2562c4cd082c7fbc9c0e,,,,,,,,,,,,,
https://app.realtaasa.com/homes/property/CA/San-Francisco/62-Ramona-Ave-94103/153dfb7308ff4d1542ee,,,,,,,,,,,,,
https://app.realtaasa.com/homes/property/CA/San-Francisco/45-Bartlett-St-207-94110/9040f948271560d5f13f,,,,,,,,,,,,,
https://app.realtaasa.com/homes/property/CA/San-Francisco/2689-Pine-94115/161e3ec8b92df30a5bd4,,,,,,,,,,,,,
https://app.realtaasa.com/homes/property/CA/San-Francisco/430-Fell-St-94102/c035ed2ef55960203dfa,,,,,,,,,,,,,
https://app.realtaasa.com/homes/property/CA/San-Francisco/403-Main-St-203N-94105/ae0e96198434fb3ddd3a,,,,,,,,,,,,,
https://app.realtaasa.com/homes/property/CA/San-Francisco/1117-Hampshire-94110/3ba1796b789e23f06b8e,,,,,,,,,,,,,
https://app.realtaasa.com/homes/property/CA/San-Francisco/2762-64-23rd-St-94110/95f2a8ccf1c2cb85b837,,,,,,,,,,,,,
https://app.realtaasa.com/homes/property/CA/San-Francisco/20-Bessie-St-94110/9193aad7c601820ecf3b,,,,,,,,,,,,,
https://app.realtaasa.com/homes/property/CA/San-Francisco/550-Stanyan-St-7-94117/0ed3903b71cf6e84f015,,,,,,,,,,,,,
https://app.realtaasa.com/homes/property/CA/San-Francisco/121-29th-St-94110/efa410045dbe95740e85,,,,,,,,,,,,,
https://app.realtaasa.com/homes/property/CA/San-Francisco/300-Berry-St-1210-94158/ede7afdc554171939d94,,,,,,,,,,,,,
https://app.realtaasa.com/homes/property/CA/San-Francisco/1655-Chestnut-St-302-94123/18b8cbe5ff77f13fdb27,,,,,,,,,,,,,
https://app.realtaasa.com/homes/property/CA/San-Francisco/130-Roanoke-94131/9a41836beb76ab5cac38,,,,,,,,,,,,,
https://app.realtaasa.com/homes/property/CA/San-Francisco/130-Roanoke-St-94131/7aa125d002b9ba7a4d5e,,,,,,,,,,,,,
https://app.realtaasa.com/homes/property/CA/San-Francisco/1462-27th-Ave-94122/d6d9df8a68e8b8b7fd7d,,,,,,,,,,,,,
https://app.realtaasa.com/homes/property/CA/San-Francisco/50-Lansing-St-407-94105/a86975b9dd6595667abe,,,,,,,,,,,,,
https://app.realtaasa.com/homes/property/CA/San-Francisco/50-Lansing-St-703-94105/cfa73b257676179b1f2b,,,,,,,,,,,,,
https://app.realtaasa.com/homes/property/CA/San-Francisco/1185-Rhode-Island-St-94107/af12b382d5805db7d062,,,,,,,,,,,,,
https://app.realtaasa.com/homes/property/CA/San-Francisco/143-Buchanan-St-94102/95d1f4a4e2e4de088c6e,,,,,,,,,,,,,
https://app.realtaasa.com/homes/property/CA/San-Francisco/290-Rutledge-St-94110/8933832d92c5c104be41,,,,,,,,,,,,,
https://app.realtaasa.com/homes/property/CA/San-Francisco/1080-Sutter-St-1002-94109/0f66579ffbcfb6de8eea,,,,,,,,,,,,,
https://app.realtaasa.com/homes/property/CA/San-Francisco/2941-2943-Taraval-St-94116/ee6c103eb198c75ebcc4,,,,,,,,,,,,,
https://app.realtaasa.com/homes/property/CA/San-Francisco/660-Natoma-St-4-94103/984a76980ab87639e1e1,,,,,,,,,,,,,
https://app.realtaasa.com/homes/property/CA/San-Francisco/2111-Bush-St-94115/b5d2079d070c1566c368,,,,,,,,,,,,,
https://app.realtaasa.com/homes/property/CA/San-Francisco/60-Rausch-St-304-94103/3357629a0b809434d795,,,,,,,,,,,,,
https://app.realtaasa.com/homes/property/CA/San-Francisco/333-1st-St-1701-94105/3994cec9076f7a024662,,,,,,,,,,,,,
https://app.realtaasa.com/homes/property/CA/San-Francisco/730-San-Bruno-Ave-94107/4a5912b97dc465c459a7,,,,,,,,,,,,,
https://app.realtaasa.com/homes/property/CA/San-Francisco/453-Teresita-Blvd-94127/0f342ac93caf02d010d1,,,,,,,,,,,,,
https://app.realtaasa.com/homes/property/CA/San-Francisco/786-Minna-St-10-94103/6aca83dafd1a87ed4a06,,,,,,,,,,,,,
https://app.realtaasa.com/homes/property/CA/San-Francisco/1679-Dolores-St-94110/193dd847b1c4ab2247b6,,,,,,,,,,,,,
https://app.realtaasa.com/homes/property/CA/San-Francisco/1160-Mission-St-513-94103/cb697751ffa716aea199,,,,,,,,,,,,,
https://app.realtaasa.com/homes/property/CA/San-Francisco/355-1st-St-1002-94105/b8db769a1b05469c3f6c,,,,,,,,,,,,,
https://app.realtaasa.com/homes/property/CA/San-Francisco/1520-6th-Ave-94122/24eedba1fcf010c308a5,,,,,,,,,,,,,
https://app.realtaasa.com/homes/property/CA/San-Francisco/87-Virgil-St-94110/d5483db19e646cac6557,,,,,,,,,,,,,
https://app.realtaasa.com/homes/property/CA/San-Francisco/555-4th-St-613-94107/27e35fc7b607fb24eb10,,,,,,,,,,,,,
https://app.realtaasa.com/homes/property/CA/San-Francisco/64-Carver-St-94110/730a5c3c29357373afa8,,,,,,,,,,,,,
https://app.realtaasa.com/homes/property/CA/San-Francisco/645-Texas-St-315-94107/7e8f76a37dec0b4004e0,,,,,,,,,,,,,
https://app.realtaasa.com/homes/property/CA/San-Francisco/1688-Pine-St-E-402-94109/5cb157f06f26cd1a8cd6,,,,,,,,,,,,,
https://app.realtaasa.com/homes/property/CA/San-Francisco/547-549-36th-Ave-94121/078f27dfc7eb9e173f05,,,,,,,,,,,,,
https://app.realtaasa.com/homes/property/CA/San-Francisco/2058-42nd-Ave-94116/dd65a753fa753f93791c,,,,,,,,,,,,,
https://app.realtaasa.com/homes/property/CA/San-Francisco/1947-Oakdale-Ave-2-94124/dfce7a1c6f934909d612,,,,,,,,,,,,,
https://app.realtaasa.com/homes/property/CA/San-Francisco/74-New-Montgomery-St-608-94105/23bb9b2f2aea60a30778,,,,,,,,,,,,,
https://app.realtaasa.com/homes/property/CA/San-Francisco/1503-1505-25th-Ave-94122/eae01b29e3693621d615,,,,,,,,,,,,,
https://app.realtaasa.com/homes/property/CA/San-Francisco/461-2nd-St-308-94107/c5d3db29024cf0a7552a,,,,,,,,,,,,,
https://app.realtaasa.com/homes/property/CA/San-Francisco/714-716-32nd-Ave-94121/9559cadedfe8ec6576a5,,,,,,,,,,,,,
https://app.realtaasa.com/homes/property/CA/San-Francisco/174-Connecticut-St-3-94107/7a62cf7e915a247beae8,,,,,,,,,,,,,